{"initial_reset_timestamp": 1565734405.5630078, "timestamps": [1565734526.9675536], "episode_lengths": [73], "episode_rewards": [-98.22305843590162], "episode_types": ["t"]}