{"initial_reset_timestamp": 1581811897.5447767, "timestamps": [1581811910.2919755], "episode_lengths": [161], "episode_rewards": [-57.63732696603614], "episode_types": ["t"]}