{"initial_reset_timestamp": 1575304415.6403325, "timestamps": [1575304420.3632343], "episode_lengths": [98], "episode_rewards": [-115.4399367355636], "episode_types": ["t"]}