{"initial_reset_timestamp": 1581826926.9562573, "timestamps": [1581826948.4423966], "episode_lengths": [268], "episode_rewards": [-30.99674263261511], "episode_types": ["t"]}