{"initial_reset_timestamp": 1565795784.7941504, "timestamps": [1565795787.2581124], "episode_lengths": [70], "episode_rewards": [-101.72129856940919], "episode_types": ["t"]}