{"initial_reset_timestamp": 1581812066.3263423, "timestamps": [1581812193.46152], "episode_lengths": [1600], "episode_rewards": [-181.080404442466], "episode_types": ["t"]}