{"initial_reset_timestamp": 1565722323.9719505, "timestamps": [1565722326.0663931], "episode_lengths": [57], "episode_rewards": [-98.14569914169793], "episode_types": ["t"]}