{"initial_reset_timestamp": 1565745203.0421426, "timestamps": [1565745309.96955], "episode_lengths": [65], "episode_rewards": [-103.68921763651818], "episode_types": ["t"]}