{"initial_reset_timestamp": 1565745512.44954, "timestamps": [1565745629.9699852], "episode_lengths": [70], "episode_rewards": [-96.56415506124263], "episode_types": ["t"]}