{"initial_reset_timestamp": 1581805241.1963742, "timestamps": [1581805260.9372687], "episode_lengths": [240], "episode_rewards": [-72.74490660715662], "episode_types": ["t"]}