{"initial_reset_timestamp": 1565806890.3394458, "timestamps": [1565806899.833163], "episode_lengths": [270], "episode_rewards": [-133.34461512947024], "episode_types": ["t"]}