{"initial_reset_timestamp": 1581836623.7134395, "timestamps": [1581836640.1568303], "episode_lengths": [208], "episode_rewards": [-63.292526119407306], "episode_types": ["t"]}