{"initial_reset_timestamp": 1581804309.9823656, "timestamps": [1581804333.0237505], "episode_lengths": [287], "episode_rewards": [-81.5442547456206], "episode_types": ["t"]}