{"initial_reset_timestamp": 1565806322.2177677, "timestamps": [1565806323.913137], "episode_lengths": [33], "episode_rewards": [-115.09451719212223], "episode_types": ["t"]}