{"initial_reset_timestamp": 1575306703.3366814, "timestamps": [1575306705.983933], "episode_lengths": [55], "episode_rewards": [-108.810628729715], "episode_types": ["t"]}