{"initial_reset_timestamp": 1581816130.8529792, "timestamps": [1581816140.4778821], "episode_lengths": [117], "episode_rewards": [-80.75372373533125], "episode_types": ["t"]}