{"initial_reset_timestamp": 1565721888.610159, "timestamps": [1565721891.2384338], "episode_lengths": [73], "episode_rewards": [-117.42109562974672], "episode_types": ["t"]}