{"initial_reset_timestamp": 1565764916.3721807, "timestamps": [1565764918.8484838], "episode_lengths": [69], "episode_rewards": [-96.21411408452398], "episode_types": ["t"]}