{"initial_reset_timestamp": 1565791158.6375175, "timestamps": [1565791213.2635038], "episode_lengths": [1600], "episode_rewards": [-96.74934164645161], "episode_types": ["t"]}