{"initial_reset_timestamp": 1587636947.4595149, "timestamps": [1587636964.3115532], "episode_lengths": [360], "episode_rewards": [-21.74361763767645], "episode_types": ["t"]}