{"initial_reset_timestamp": 1565802689.8677857, "timestamps": [1565802702.2403805], "episode_lengths": [353], "episode_rewards": [-56.865487860288525], "episode_types": ["t"]}