{"initial_reset_timestamp": 1565771868.113565, "timestamps": [1565771872.5734391], "episode_lengths": [128], "episode_rewards": [-115.7468132675402], "episode_types": ["t"]}