{"initial_reset_timestamp": 1581840298.8362122, "timestamps": [1581840385.5725877], "episode_lengths": [1600], "episode_rewards": [-127.37088784287604], "episode_types": ["t"]}