{"initial_reset_timestamp": 1565774422.6131616, "timestamps": [1565774427.3375247], "episode_lengths": [131], "episode_rewards": [-116.07554646048075], "episode_types": ["t"]}