{"initial_reset_timestamp": 1565714213.4949608, "timestamps": [1565714215.667227], "episode_lengths": [59], "episode_rewards": [-113.93591180125252], "episode_types": ["t"]}