{"initial_reset_timestamp": 1587698897.630468, "timestamps": [1587698904.3557303], "episode_lengths": [136], "episode_rewards": [-73.8164803896329], "episode_types": ["t"]}