{"initial_reset_timestamp": 1565790138.1225064, "timestamps": [1565790192.8955626], "episode_lengths": [1600], "episode_rewards": [-99.82540302873875], "episode_types": ["t"]}