{"initial_reset_timestamp": 1581807433.605695, "timestamps": [1581807453.948306], "episode_lengths": [251], "episode_rewards": [-33.824992084301385], "episode_types": ["t"]}