{"initial_reset_timestamp": 1581800421.839851, "timestamps": [1581800434.965028], "episode_lengths": [130], "episode_rewards": [-105.55933371869102], "episode_types": ["t"]}