{"initial_reset_timestamp": 1565807545.3010104, "timestamps": [1565807556.7576203], "episode_lengths": [331], "episode_rewards": [-153.75299289147497], "episode_types": ["t"]}