{"initial_reset_timestamp": 1565721878.8649118, "timestamps": [1565721884.256565], "episode_lengths": [153], "episode_rewards": [-128.23551688124797], "episode_types": ["t"]}