{"initial_reset_timestamp": 1565753665.804888, "timestamps": [1565753795.9685614], "episode_lengths": [70], "episode_rewards": [-96.14547537123924], "episode_types": ["t"]}