{"initial_reset_timestamp": 1587703393.6214101, "timestamps": [1587703421.965673], "episode_lengths": [584], "episode_rewards": [132.55459152662308], "episode_types": ["t"]}