{"initial_reset_timestamp": 1581809520.1625237, "timestamps": [1581809546.1761432], "episode_lengths": [289], "episode_rewards": [-11.041442138553265], "episode_types": ["t"]}