{"initial_reset_timestamp": 1581800647.4135869, "timestamps": [1581800652.342516], "episode_lengths": [57], "episode_rewards": [-101.82831808884318], "episode_types": ["t"]}