{"initial_reset_timestamp": 1581810982.0927331, "timestamps": [1581811060.219454], "episode_lengths": [961], "episode_rewards": [264.06273669665825], "episode_types": ["t"]}