{"initial_reset_timestamp": 1575310598.5933387, "timestamps": [1575310601.4011934], "episode_lengths": [60], "episode_rewards": [-114.65093441981202], "episode_types": ["t"]}