{"initial_reset_timestamp": 1581826555.6536229, "timestamps": [1581826562.6452534], "episode_lengths": [84], "episode_rewards": [-97.74911957329884], "episode_types": ["t"]}