{"initial_reset_timestamp": 1565799133.273301, "timestamps": [1565799187.7419758], "episode_lengths": [1600], "episode_rewards": [-59.058128354852485], "episode_types": ["t"]}