{"initial_reset_timestamp": 1565749096.3131464, "timestamps": [1565749193.968086], "episode_lengths": [61], "episode_rewards": [-102.97994330261686], "episode_types": ["t"]}