{"initial_reset_timestamp": 1565783893.963591, "timestamps": [1565783895.555911], "episode_lengths": [43], "episode_rewards": [-122.20918500412282], "episode_types": ["t"]}