{"initial_reset_timestamp": 1565784111.6066802, "timestamps": [1565784113.293394], "episode_lengths": [46], "episode_rewards": [-115.2656421685076], "episode_types": ["t"]}