{"initial_reset_timestamp": 1581817272.0348783, "timestamps": [1581817398.4527102], "episode_lengths": [1600], "episode_rewards": [102.0592797148159], "episode_types": ["t"]}