{"initial_reset_timestamp": 1565803933.7481272, "timestamps": [1565803941.338549], "episode_lengths": [220], "episode_rewards": [-95.82612428949214], "episode_types": ["t"]}