{"initial_reset_timestamp": 1581819874.76414, "timestamps": [1581820002.8284986], "episode_lengths": [1600], "episode_rewards": [-68.70574174271276], "episode_types": ["t"]}