{"initial_reset_timestamp": 1587710840.9239087, "timestamps": [1587710847.352112], "episode_lengths": [133], "episode_rewards": [-75.6489687741703], "episode_types": ["t"]}