{"initial_reset_timestamp": 1581802535.7828496, "timestamps": [1581802663.8473642], "episode_lengths": [1600], "episode_rewards": [-149.4178516541648], "episode_types": ["t"]}