{"initial_reset_timestamp": 1575313926.1006749, "timestamps": [1575313929.4353018], "episode_lengths": [70], "episode_rewards": [-111.64126369602234], "episode_types": ["t"]}