{"initial_reset_timestamp": 1565722303.703696, "timestamps": [1565722307.3910692], "episode_lengths": [105], "episode_rewards": [-122.0453975941992], "episode_types": ["t"]}