{"initial_reset_timestamp": 1565723948.6988928, "timestamps": [1565724003.862054], "episode_lengths": [1600], "episode_rewards": [-57.51850807491604], "episode_types": ["t"]}