{"initial_reset_timestamp": 1565770499.6866007, "timestamps": [1565770503.0860715], "episode_lengths": [96], "episode_rewards": [-113.68091901145877], "episode_types": ["t"]}