{"initial_reset_timestamp": 1565776869.759353, "timestamps": [1565777105.5002973], "episode_lengths": [128], "episode_rewards": [-115.74614193351879], "episode_types": ["t"]}