{"initial_reset_timestamp": 1581822747.532254, "timestamps": [1581822755.998796], "episode_lengths": [86], "episode_rewards": [-97.15400438666033], "episode_types": ["t"]}