{"initial_reset_timestamp": 1587637209.6254075, "timestamps": [1587637226.8388119], "episode_lengths": [370], "episode_rewards": [8.598277610966036], "episode_types": ["t"]}