{"initial_reset_timestamp": 1565792773.9335222, "timestamps": [1565792781.983475], "episode_lengths": [231], "episode_rewards": [-115.94581944533249], "episode_types": ["t"]}