{"initial_reset_timestamp": 1565788615.6277473, "timestamps": [1565788618.1216369], "episode_lengths": [70], "episode_rewards": [-101.58355276165406], "episode_types": ["t"]}