{"initial_reset_timestamp": 1565796578.803312, "timestamps": [1565796633.4935408], "episode_lengths": [1600], "episode_rewards": [-181.43570536788272], "episode_types": ["t"]}