{"initial_reset_timestamp": 1565802784.4211953, "timestamps": [1565802795.1299515], "episode_lengths": [308], "episode_rewards": [-54.68997486172365], "episode_types": ["t"]}