{"initial_reset_timestamp": 1581800933.1031861, "timestamps": [1581801063.8296967], "episode_lengths": [1600], "episode_rewards": [-181.30000646295173], "episode_types": ["t"]}