{"initial_reset_timestamp": 1581829959.9241755, "timestamps": [1581830086.7879076], "episode_lengths": [1600], "episode_rewards": [-134.90529949352066], "episode_types": ["t"]}