{"initial_reset_timestamp": 1565797470.0141482, "timestamps": [1565797896.7703702], "episode_lengths": [1600], "episode_rewards": [-132.6173428576394], "episode_types": ["t"]}