{"initial_reset_timestamp": 1565796363.664881, "timestamps": [1565796365.9010358], "episode_lengths": [61], "episode_rewards": [-110.30060832765078], "episode_types": ["t"]}