{"initial_reset_timestamp": 1581806094.6096838, "timestamps": [1581806099.7186782], "episode_lengths": [48], "episode_rewards": [-124.49674149686967], "episode_types": ["t"]}