{"initial_reset_timestamp": 1565755027.8783908, "timestamps": [1565755137.9676654], "episode_lengths": [65], "episode_rewards": [-98.03889143180199], "episode_types": ["t"]}