{"initial_reset_timestamp": 1565714316.4640334, "timestamps": [1565714319.073232], "episode_lengths": [69], "episode_rewards": [-116.90570933795844], "episode_types": ["t"]}