{"initial_reset_timestamp": 1565771630.8832617, "timestamps": [1565771634.3212168], "episode_lengths": [93], "episode_rewards": [-113.33112747214052], "episode_types": ["t"]}