{"initial_reset_timestamp": 1565786667.1439338, "timestamps": [1565786673.316107], "episode_lengths": [177], "episode_rewards": [-123.22259216641184], "episode_types": ["t"]}