{"initial_reset_timestamp": 1581813509.1352324, "timestamps": [1581813586.919393], "episode_lengths": [961], "episode_rewards": [270.8880103016694], "episode_types": ["t"]}