{"initial_reset_timestamp": 1565795717.4010537, "timestamps": [1565795719.9737196], "episode_lengths": [69], "episode_rewards": [-101.46271820134731], "episode_types": ["t"]}