{"initial_reset_timestamp": 1575303839.6592758, "timestamps": [1575303845.0109677], "episode_lengths": [104], "episode_rewards": [-125.96437924026947], "episode_types": ["t"]}