{"initial_reset_timestamp": 1565770282.5510833, "timestamps": [1565770287.157203], "episode_lengths": [130], "episode_rewards": [-115.96933836969734], "episode_types": ["t"]}