{"initial_reset_timestamp": 1565802148.6204267, "timestamps": [1565802170.7904058], "episode_lengths": [637], "episode_rewards": [-24.574925303357958], "episode_types": ["t"]}