{"initial_reset_timestamp": 1581811381.32972, "timestamps": [1581811507.0489125], "episode_lengths": [1600], "episode_rewards": [-91.5159323141163], "episode_types": ["t"]}