{"initial_reset_timestamp": 1565744586.4173794, "timestamps": [1565744701.9700272], "episode_lengths": [72], "episode_rewards": [-104.32593152724887], "episode_types": ["t"]}