{"initial_reset_timestamp": 1581801110.3157475, "timestamps": [1581801119.7168422], "episode_lengths": [115], "episode_rewards": [-108.2179383623091], "episode_types": ["t"]}