{"initial_reset_timestamp": 1565714226.6838794, "timestamps": [1565714230.3529437], "episode_lengths": [103], "episode_rewards": [-113.8189465542417], "episode_types": ["t"]}