{"initial_reset_timestamp": 1565755692.4175096, "timestamps": [1565755800.9652164], "episode_lengths": [66], "episode_rewards": [-96.58663741497351], "episode_types": ["t"]}