{"initial_reset_timestamp": 1565792617.3230665, "timestamps": [1565792621.2155678], "episode_lengths": [111], "episode_rewards": [-104.01470890706344], "episode_types": ["t"]}