{"initial_reset_timestamp": 1575308331.9135058, "timestamps": [1575308334.242171], "episode_lengths": [50], "episode_rewards": [-106.94259438119747], "episode_types": ["t"]}