{"initial_reset_timestamp": 1581815664.7363622, "timestamps": [1581815734.9387517], "episode_lengths": [886], "episode_rewards": [273.05041203511973], "episode_types": ["t"]}