{"initial_reset_timestamp": 1565803055.2093787, "timestamps": [1565803077.3216388], "episode_lengths": [640], "episode_rewards": [46.959699800827224], "episode_types": ["t"]}