{"initial_reset_timestamp": 1565772559.0724385, "timestamps": [1565772723.501292], "episode_lengths": [95], "episode_rewards": [-113.56266659621336], "episode_types": ["t"]}