{"initial_reset_timestamp": 1565769884.0297036, "timestamps": [1565769888.234668], "episode_lengths": [121], "episode_rewards": [-110.41711886103226], "episode_types": ["t"]}