{"initial_reset_timestamp": 1565802866.8946476, "timestamps": [1565802909.3200185], "episode_lengths": [1229], "episode_rewards": [241.4735977996902], "episode_types": ["t"]}