{"initial_reset_timestamp": 1581810641.674618, "timestamps": [1581810772.7629604], "episode_lengths": [1600], "episode_rewards": [168.0114831366142], "episode_types": ["t"]}