{"initial_reset_timestamp": 1565755361.1415608, "timestamps": [1565755464.967774], "episode_lengths": [62], "episode_rewards": [-97.2916213950837], "episode_types": ["t"]}