{"initial_reset_timestamp": 1565739646.2690887, "timestamps": [1565739754.969537], "episode_lengths": [62], "episode_rewards": [-100.5200685537571], "episode_types": ["t"]}