{"initial_reset_timestamp": 1565808789.6785026, "timestamps": [1565808812.595178], "episode_lengths": [639], "episode_rewards": [38.55614585583476], "episode_types": ["t"]}