{"initial_reset_timestamp": 1565810035.2221472, "timestamps": [1565810040.0379777], "episode_lengths": [134], "episode_rewards": [-139.63232645505792], "episode_types": ["t"]}