{"initial_reset_timestamp": 1565805079.4862154, "timestamps": [1565805134.3190596], "episode_lengths": [1600], "episode_rewards": [59.28296977811917], "episode_types": ["t"]}