{"initial_reset_timestamp": 1565734141.3019218, "timestamps": [1565734235.9667132], "episode_lengths": [62], "episode_rewards": [-100.31851858318076], "episode_types": ["t"]}