{"initial_reset_timestamp": 1565782902.3791852, "timestamps": [1565782904.6920083], "episode_lengths": [59], "episode_rewards": [-108.30107464497334], "episode_types": ["t"]}