{"initial_reset_timestamp": 1565758398.3222175, "timestamps": [1565758508.9697397], "episode_lengths": [67], "episode_rewards": [-103.45693147218925], "episode_types": ["t"]}