{"initial_reset_timestamp": 1565806722.856314, "timestamps": [1565806777.0734892], "episode_lengths": [1584], "episode_rewards": [-139.53512416117377], "episode_types": ["t"]}