{"initial_reset_timestamp": 1565743263.6396165, "timestamps": [1565743369.9680176], "episode_lengths": [63], "episode_rewards": [-96.29280949528614], "episode_types": ["t"]}