{"initial_reset_timestamp": 1565804057.817141, "timestamps": [1565804067.1530828], "episode_lengths": [267], "episode_rewards": [-54.738404392567176], "episode_types": ["t"]}