{"initial_reset_timestamp": 1565795895.9714522, "timestamps": [1565795898.5126684], "episode_lengths": [71], "episode_rewards": [-112.22643489114444], "episode_types": ["t"]}