{"initial_reset_timestamp": 1565754359.3135185, "timestamps": [1565754460.9642444], "episode_lengths": [64], "episode_rewards": [-96.97154872734961], "episode_types": ["t"]}