{"initial_reset_timestamp": 1581826726.3055067, "timestamps": [1581826807.39295], "episode_lengths": [992], "episode_rewards": [258.31391594524797], "episode_types": ["t"]}