{"initial_reset_timestamp": 1565760208.1032398, "timestamps": [1565760325.9667299], "episode_lengths": [72], "episode_rewards": [-95.27244685479695], "episode_types": ["t"]}