{"initial_reset_timestamp": 1565772330.4588678, "timestamps": [1565772334.9565136], "episode_lengths": [129], "episode_rewards": [-115.85091613600714], "episode_types": ["t"]}