{"initial_reset_timestamp": 1565772103.4235225, "timestamps": [1565772106.900229], "episode_lengths": [94], "episode_rewards": [-113.44077633929813], "episode_types": ["t"]}