{"initial_reset_timestamp": 1565772935.8062592, "timestamps": [1565773096.5015168], "episode_lengths": [95], "episode_rewards": [-113.5600807194803], "episode_types": ["t"]}