{"initial_reset_timestamp": 1565756679.4287052, "timestamps": [1565756828.969855], "episode_lengths": [85], "episode_rewards": [-97.65845725559467], "episode_types": ["t"]}