{"initial_reset_timestamp": 1565778556.1838212, "timestamps": [1565778726.5022995], "episode_lengths": [94], "episode_rewards": [-113.44073702964684], "episode_types": ["t"]}