{"initial_reset_timestamp": 1565737256.8877854, "timestamps": [1565737378.9691758], "episode_lengths": [71], "episode_rewards": [-95.59843703297743], "episode_types": ["t"]}