{"initial_reset_timestamp": 1581808647.6023881, "timestamps": [1581808704.0812342], "episode_lengths": [714], "episode_rewards": [71.9254887419441], "episode_types": ["t"]}