{"initial_reset_timestamp": 1565748047.7707508, "timestamps": [1565748269.9674368], "episode_lengths": [121], "episode_rewards": [-97.16055010700143], "episode_types": ["t"]}