{"initial_reset_timestamp": 1565747105.7012713, "timestamps": [1565747216.9703722], "episode_lengths": [64], "episode_rewards": [-97.95445180169719], "episode_types": ["t"]}