{"initial_reset_timestamp": 1565729455.5491538, "timestamps": [1565732630.9639847], "episode_lengths": [1600], "episode_rewards": [-56.843740087070366], "episode_types": ["t"]}