{"initial_reset_timestamp": 1565809456.0027204, "timestamps": [1565809482.0940647], "episode_lengths": [568], "episode_rewards": [-147.75974184790445], "episode_types": ["t"]}