{"initial_reset_timestamp": 1565795961.451467, "timestamps": [1565796015.878434], "episode_lengths": [1600], "episode_rewards": [-178.62252352695322], "episode_types": ["t"]}