{"initial_reset_timestamp": 1565757723.198413, "timestamps": [1565757835.9704492], "episode_lengths": [70], "episode_rewards": [-95.55017837246677], "episode_types": ["t"]}