{"initial_reset_timestamp": 1565804652.364588, "timestamps": [1565804664.6540098], "episode_lengths": [354], "episode_rewards": [-37.85032751296405], "episode_types": ["t"]}