{"initial_reset_timestamp": 1581813221.8380644, "timestamps": [1581813251.264761], "episode_lengths": [350], "episode_rewards": [-25.948289282068586], "episode_types": ["t"]}