{"initial_reset_timestamp": 1581828655.9022799, "timestamps": [1581828671.8537002], "episode_lengths": [196], "episode_rewards": [-63.02384374883153], "episode_types": ["t"]}