{"initial_reset_timestamp": 1565775929.182022, "timestamps": [1565775932.6654866], "episode_lengths": [96], "episode_rewards": [-113.68132961380917], "episode_types": ["t"]}