{"initial_reset_timestamp": 1565721788.9227188, "timestamps": [1565721790.4629729], "episode_lengths": [42], "episode_rewards": [-108.8468028106143], "episode_types": ["t"]}