{"initial_reset_timestamp": 1581811561.9912415, "timestamps": [1581811610.4820137], "episode_lengths": [608], "episode_rewards": [-80.75864084494857], "episode_types": ["t"]}