{"initial_reset_timestamp": 1565770071.2242074, "timestamps": [1565770074.7076404], "episode_lengths": [96], "episode_rewards": [-113.68093019361609], "episode_types": ["t"]}