{"initial_reset_timestamp": 1581815950.0786338, "timestamps": [1581815963.3278522], "episode_lengths": [164], "episode_rewards": [-66.75621017623757], "episode_types": ["t"]}