{"initial_reset_timestamp": 1565807176.209262, "timestamps": [1565807231.4704878], "episode_lengths": [1600], "episode_rewards": [-154.60319131326236], "episode_types": ["t"]}