{"initial_reset_timestamp": 1565787931.3492184, "timestamps": [1565787932.9383717], "episode_lengths": [42], "episode_rewards": [-123.3919552813371], "episode_types": ["t"]}