{"initial_reset_timestamp": 1565739947.924226, "timestamps": [1565740055.9675763], "episode_lengths": [66], "episode_rewards": [-95.25796580329613], "episode_types": ["t"]}