{"initial_reset_timestamp": 1565799313.2145262, "timestamps": [1565799367.9505973], "episode_lengths": [1600], "episode_rewards": [-129.6780060765126], "episode_types": ["t"]}