{"initial_reset_timestamp": 1565810175.7111506, "timestamps": [1565810198.3859463], "episode_lengths": [653], "episode_rewards": [-192.67341653681422], "episode_types": ["t"]}