{"initial_reset_timestamp": 1565769780.259484, "timestamps": [1565769785.5602198], "episode_lengths": [142], "episode_rewards": [-127.36252543034156], "episode_types": ["t"]}