{"initial_reset_timestamp": 1581820134.3387196, "timestamps": [1581820156.4343112], "episode_lengths": [274], "episode_rewards": [-62.86090772571664], "episode_types": ["t"]}