{"initial_reset_timestamp": 1581815765.7151875, "timestamps": [1581815772.0891047], "episode_lengths": [67], "episode_rewards": [-101.15782624397862], "episode_types": ["t"]}