{"initial_reset_timestamp": 1565796904.9976857, "timestamps": [1565796906.5629504], "episode_lengths": [43], "episode_rewards": [-105.10941676984231], "episode_types": ["t"]}