{"initial_reset_timestamp": 1565714275.8885255, "timestamps": [1565714278.1128223], "episode_lengths": [59], "episode_rewards": [-113.93591180125252], "episode_types": ["t"]}