{"initial_reset_timestamp": 1587698116.6892555, "timestamps": [1587698146.878129], "episode_lengths": [615], "episode_rewards": [129.74268281392804], "episode_types": ["t"]}