{"initial_reset_timestamp": 1565802473.760899, "timestamps": [1565802492.7947786], "episode_lengths": [537], "episode_rewards": [-28.93293478336119], "episode_types": ["t"]}