{"initial_reset_timestamp": 1565806061.2209206, "timestamps": [1565806075.6478407], "episode_lengths": [412], "episode_rewards": [-13.393443884269601], "episode_types": ["t"]}