{"initial_reset_timestamp": 1565774702.176883, "timestamps": [1565774950.503342], "episode_lengths": [132], "episode_rewards": [-116.18902406187543], "episode_types": ["t"]}