{"initial_reset_timestamp": 1565750337.6353867, "timestamps": [1565750459.9700878], "episode_lengths": [71], "episode_rewards": [-96.30215874689878], "episode_types": ["t"]}