{"initial_reset_timestamp": 1565777754.845479, "timestamps": [1565777915.5047529], "episode_lengths": [93], "episode_rewards": [-113.32711434123355], "episode_types": ["t"]}