{"initial_reset_timestamp": 1587714822.6084573, "timestamps": [1587714830.054754], "episode_lengths": [156], "episode_rewards": [-68.83801997209969], "episode_types": ["t"]}