{"initial_reset_timestamp": 1575307789.1260836, "timestamps": [1575307791.3088055], "episode_lengths": [44], "episode_rewards": [-111.24850743782613], "episode_types": ["t"]}