{"initial_reset_timestamp": 1581815759.9221005, "timestamps": [1581815887.776744], "episode_lengths": [1600], "episode_rewards": [22.466020530713138], "episode_types": ["t"]}