{"initial_reset_timestamp": 1581835533.0716975, "timestamps": [1581835630.572074], "episode_lengths": [1306], "episode_rewards": [241.66634267336167], "episode_types": ["t"]}