{"initial_reset_timestamp": 1581808812.9979105, "timestamps": [1581808945.2908106], "episode_lengths": [1600], "episode_rewards": [-151.22122502097272], "episode_types": ["t"]}