{"initial_reset_timestamp": 1565786809.3403294, "timestamps": [1565786811.7032847], "episode_lengths": [68], "episode_rewards": [-118.67668500795153], "episode_types": ["t"]}