{"initial_reset_timestamp": 1565752649.1343894, "timestamps": [1565752746.968044], "episode_lengths": [58], "episode_rewards": [-96.81161490600338], "episode_types": ["t"]}