{"initial_reset_timestamp": 1581819355.8245232, "timestamps": [1581819366.1297755], "episode_lengths": [125], "episode_rewards": [-86.87872092568813], "episode_types": ["t"]}