{"initial_reset_timestamp": 1565741732.74813, "timestamps": [1565741858.9673386], "episode_lengths": [74], "episode_rewards": [-98.7400965550635], "episode_types": ["t"]}