{"initial_reset_timestamp": 1565803149.793917, "timestamps": [1565803153.5108004], "episode_lengths": [105], "episode_rewards": [-90.45744575824092], "episode_types": ["t"]}