{"initial_reset_timestamp": 1565714232.708927, "timestamps": [1565714235.4330654], "episode_lengths": [69], "episode_rewards": [-116.90570933795844], "episode_types": ["t"]}