{"initial_reset_timestamp": 1565787601.6462493, "timestamps": [1565787604.0554616], "episode_lengths": [69], "episode_rewards": [-101.49311525289342], "episode_types": ["t"]}