{"initial_reset_timestamp": 1565721782.9062872, "timestamps": [1565721784.944498], "episode_lengths": [58], "episode_rewards": [-113.77427599293677], "episode_types": ["t"]}