{"initial_reset_timestamp": 1565806160.3863194, "timestamps": [1565806163.0100224], "episode_lengths": [72], "episode_rewards": [-106.24345753419027], "episode_types": ["t"]}