{"initial_reset_timestamp": 1565769772.2235804, "timestamps": [1565769777.7390745], "episode_lengths": [153], "episode_rewards": [-116.7725252322834], "episode_types": ["t"]}