{"initial_reset_timestamp": 1565777355.696348, "timestamps": [1565777518.5038917], "episode_lengths": [94], "episode_rewards": [-113.4435393985212], "episode_types": ["t"]}