{"initial_reset_timestamp": 1565793916.5068638, "timestamps": [1565793999.5658627], "episode_lengths": [212], "episode_rewards": [-107.03065728396426], "episode_types": ["t"]}