{"initial_reset_timestamp": 1587703886.0437586, "timestamps": [1587703891.210298], "episode_lengths": [107], "episode_rewards": [-80.54957859617227], "episode_types": ["t"]}