{"initial_reset_timestamp": 1565789342.30669, "timestamps": [1565789604.851135], "episode_lengths": [146], "episode_rewards": [-132.7561756046818], "episode_types": ["t"]}