{"initial_reset_timestamp": 1565743916.0631893, "timestamps": [1565744023.9668252], "episode_lengths": [67], "episode_rewards": [-95.79832121334707], "episode_types": ["t"]}