{"initial_reset_timestamp": 1565796747.8081503, "timestamps": [1565796802.5924563], "episode_lengths": [1600], "episode_rewards": [-172.1482293990153], "episode_types": ["t"]}