{"initial_reset_timestamp": 1581837157.1680129, "timestamps": [1581837201.7514122], "episode_lengths": [580], "episode_rewards": [-49.31283404089634], "episode_types": ["t"]}