{"initial_reset_timestamp": 1581806568.8474836, "timestamps": [1581806574.1507752], "episode_lengths": [61], "episode_rewards": [-115.34124257265839], "episode_types": ["t"]}