{"initial_reset_timestamp": 1565810705.1669953, "timestamps": [1565810714.2719421], "episode_lengths": [248], "episode_rewards": [-94.50637158208215], "episode_types": ["t"]}