{"initial_reset_timestamp": 1575310044.3724816, "timestamps": [1575310047.3379157], "episode_lengths": [63], "episode_rewards": [-101.37200361725998], "episode_types": ["t"]}