{"initial_reset_timestamp": 1565791587.928513, "timestamps": [1565791642.9616892], "episode_lengths": [1600], "episode_rewards": [-84.11124286654477], "episode_types": ["t"]}