{"initial_reset_timestamp": 1581830093.6663392, "timestamps": [1581830102.3111017], "episode_lengths": [107], "episode_rewards": [-114.88945666960132], "episode_types": ["t"]}