{"initial_reset_timestamp": 1581819592.3015118, "timestamps": [1581819611.9454362], "episode_lengths": [239], "episode_rewards": [-61.12649453473713], "episode_types": ["t"]}