{"initial_reset_timestamp": 1581816374.4486818, "timestamps": [1581816500.512733], "episode_lengths": [1600], "episode_rewards": [42.339636897046134], "episode_types": ["t"]}