{"initial_reset_timestamp": 1565788269.5134737, "timestamps": [1565788271.287373], "episode_lengths": [45], "episode_rewards": [-108.00995167456443], "episode_types": ["t"]}