{"initial_reset_timestamp": 1565765161.3624604, "timestamps": [1565765163.930951], "episode_lengths": [68], "episode_rewards": [-97.77432461385499], "episode_types": ["t"]}