{"initial_reset_timestamp": 1581819391.9051468, "timestamps": [1581819519.651865], "episode_lengths": [1600], "episode_rewards": [-171.3746019983758], "episode_types": ["t"]}