{"initial_reset_timestamp": 1565721822.7544444, "timestamps": [1565721825.5619078], "episode_lengths": [79], "episode_rewards": [-120.82157963286961], "episode_types": ["t"]}