{"initial_reset_timestamp": 1565776190.472106, "timestamps": [1565776195.101718], "episode_lengths": [128], "episode_rewards": [-115.74215955985028], "episode_types": ["t"]}