{"initial_reset_timestamp": 1565754691.6180763, "timestamps": [1565754799.9678092], "episode_lengths": [64], "episode_rewards": [-100.38445890380659], "episode_types": ["t"]}