{"initial_reset_timestamp": 1565784535.6652093, "timestamps": [1565784537.2456787], "episode_lengths": [42], "episode_rewards": [-122.56144176234366], "episode_types": ["t"]}