{"initial_reset_timestamp": 1565714177.9726052, "timestamps": [1565714181.5919936], "episode_lengths": [104], "episode_rewards": [-121.82542986631704], "episode_types": ["t"]}