{"initial_reset_timestamp": 1565802978.1923032, "timestamps": [1565802982.7801776], "episode_lengths": [132], "episode_rewards": [-78.50125081421186], "episode_types": ["t"]}