{"initial_reset_timestamp": 1565745839.1450846, "timestamps": [1565745959.9675324], "episode_lengths": [73], "episode_rewards": [-103.24523919220051], "episode_types": ["t"]}