{"initial_reset_timestamp": 1581839026.9816508, "timestamps": [1581839121.172125], "episode_lengths": [1337], "episode_rewards": [221.4396482347022], "episode_types": ["t"]}