{"initial_reset_timestamp": 1581804096.3135026, "timestamps": [1581804107.281857], "episode_lengths": [131], "episode_rewards": [-124.56298721036441], "episode_types": ["t"]}