{"initial_reset_timestamp": 1581821077.8172996, "timestamps": [1581821207.078933], "episode_lengths": [1600], "episode_rewards": [125.45945716421859], "episode_types": ["t"]}