{"initial_reset_timestamp": 1565800250.621601, "timestamps": [1565800254.7074637], "episode_lengths": [113], "episode_rewards": [-109.79034712987394], "episode_types": ["t"]}