{"initial_reset_timestamp": 1575312278.4605641, "timestamps": [1575312281.31849], "episode_lengths": [53], "episode_rewards": [-102.75842614778938], "episode_types": ["t"]}