{"initial_reset_timestamp": 1575298717.3846722, "timestamps": [1575298724.799812], "episode_lengths": [132], "episode_rewards": [-128.1070846773448], "episode_types": ["t"]}