{"initial_reset_timestamp": 1565736196.620862, "timestamps": [1565736506.9700828], "episode_lengths": [168], "episode_rewards": [-99.46999237214413], "episode_types": ["t"]}