{"initial_reset_timestamp": 1565810536.7350898, "timestamps": [1565810591.754306], "episode_lengths": [1600], "episode_rewards": [-56.14848828542106], "episode_types": ["t"]}