{"initial_reset_timestamp": 1565721910.1174483, "timestamps": [1565721915.631626], "episode_lengths": [156], "episode_rewards": [-118.18504806748778], "episode_types": ["t"]}