{"initial_reset_timestamp": 1565808065.3800163, "timestamps": [1565808120.9457693], "episode_lengths": [1600], "episode_rewards": [-178.85179373837454], "episode_types": ["t"]}