{"initial_reset_timestamp": 1565738430.50698, "timestamps": [1565738574.969492], "episode_lengths": [86], "episode_rewards": [-104.06195320943627], "episode_types": ["t"]}