{"initial_reset_timestamp": 1581819969.1681714, "timestamps": [1581819975.9491527], "episode_lengths": [69], "episode_rewards": [-101.39746643829159], "episode_types": ["t"]}