{"initial_reset_timestamp": 1565799497.0108876, "timestamps": [1565799551.9102452], "episode_lengths": [1600], "episode_rewards": [-97.92237522011075], "episode_types": ["t"]}