{"initial_reset_timestamp": 1587708273.7069936, "timestamps": [1587708277.9323063], "episode_lengths": [87], "episode_rewards": [-82.81107808862438], "episode_types": ["t"]}