{"initial_reset_timestamp": 1565804438.4671054, "timestamps": [1565804444.9741254], "episode_lengths": [181], "episode_rewards": [-90.61059408946088], "episode_types": ["t"]}