{"initial_reset_timestamp": 1565784356.2846973, "timestamps": [1565784422.5029986], "episode_lengths": [42], "episode_rewards": [-122.13345757474067], "episode_types": ["t"]}