{"initial_reset_timestamp": 1581838877.1143477, "timestamps": [1581838891.6964738], "episode_lengths": [259], "episode_rewards": [-31.441474984616036], "episode_types": ["t"]}