{"initial_reset_timestamp": 1565793102.6128068, "timestamps": [1565793116.7018404], "episode_lengths": [407], "episode_rewards": [-140.44262914027772], "episode_types": ["t"]}