{"initial_reset_timestamp": 1565721754.1694388, "timestamps": [1565721756.8437824], "episode_lengths": [69], "episode_rewards": [-116.90570933795844], "episode_types": ["t"]}