{"initial_reset_timestamp": 1565807371.8261127, "timestamps": [1565807418.060399], "episode_lengths": [1337], "episode_rewards": [-233.2720998826269], "episode_types": ["t"]}