{"initial_reset_timestamp": 1581825092.1978319, "timestamps": [1581825118.3671443], "episode_lengths": [323], "episode_rewards": [-26.070934172699822], "episode_types": ["t"]}