{"initial_reset_timestamp": 1565783579.572838, "timestamps": [1565783584.8558364], "episode_lengths": [151], "episode_rewards": [-131.65627936609772], "episode_types": ["t"]}