{"initial_reset_timestamp": 1565806495.3586097, "timestamps": [1565806499.5185587], "episode_lengths": [118], "episode_rewards": [-129.10297623559586], "episode_types": ["t"]}