{"initial_reset_timestamp": 1565786973.9346783, "timestamps": [1565787028.2570477], "episode_lengths": [1600], "episode_rewards": [-184.2474168562383], "episode_types": ["t"]}