{"initial_reset_timestamp": 1565788521.1610093, "timestamps": [1565788523.7387905], "episode_lengths": [73], "episode_rewards": [-105.54385341840052], "episode_types": ["t"]}