{"initial_reset_timestamp": 1565714269.8168643, "timestamps": [1565714271.334515], "episode_lengths": [42], "episode_rewards": [-108.8468028106143], "episode_types": ["t"]}