{"initial_reset_timestamp": 1565798316.4627028, "timestamps": [1565798371.1148202], "episode_lengths": [1600], "episode_rewards": [-134.84572159178424], "episode_types": ["t"]}