{"initial_reset_timestamp": 1565734694.4724936, "timestamps": [1565734803.9686399], "episode_lengths": [69], "episode_rewards": [-96.57907947514171], "episode_types": ["t"]}