{"initial_reset_timestamp": 1581807785.591102, "timestamps": [1581807912.589848], "episode_lengths": [1600], "episode_rewards": [-124.56946921988775], "episode_types": ["t"]}