{"initial_reset_timestamp": 1565790339.6430013, "timestamps": [1565790342.8334668], "episode_lengths": [89], "episode_rewards": [-126.746457704649], "episode_types": ["t"]}