{"initial_reset_timestamp": 1565805254.61357, "timestamps": [1565805309.6399813], "episode_lengths": [1600], "episode_rewards": [111.2445598761056], "episode_types": ["t"]}