{"initial_reset_timestamp": 1565756355.4805415, "timestamps": [1565756460.9647474], "episode_lengths": [65], "episode_rewards": [-101.4279621955473], "episode_types": ["t"]}