{"initial_reset_timestamp": 1565803404.2941597, "timestamps": [1565803411.146578], "episode_lengths": [197], "episode_rewards": [-61.081934292672216], "episode_types": ["t"]}