{"initial_reset_timestamp": 1565798191.6474605, "timestamps": [1565798198.1623244], "episode_lengths": [188], "episode_rewards": [-113.73415406262814], "episode_types": ["t"]}