{"initial_reset_timestamp": 1565721896.0699847, "timestamps": [1565721898.72096], "episode_lengths": [75], "episode_rewards": [-118.27348013898978], "episode_types": ["t"]}