{"initial_reset_timestamp": 1565721815.234856, "timestamps": [1565721818.0517426], "episode_lengths": [81], "episode_rewards": [-118.83114918610764], "episode_types": ["t"]}