{"initial_reset_timestamp": 1581824041.4315982, "timestamps": [1581824058.965146], "episode_lengths": [215], "episode_rewards": [-59.10359198160843], "episode_types": ["t"]}