{"initial_reset_timestamp": 1565766459.1732736, "timestamps": [1565766461.5820029], "episode_lengths": [66], "episode_rewards": [-96.85362407943731], "episode_types": ["t"]}