{"initial_reset_timestamp": 1565721956.045542, "timestamps": [1565721960.2479522], "episode_lengths": [113], "episode_rewards": [-121.52211747506385], "episode_types": ["t"]}