{"initial_reset_timestamp": 1587714342.3400147, "timestamps": [1587714366.0077987], "episode_lengths": [496], "episode_rewards": [140.53105128725352], "episode_types": ["t"]}