{"initial_reset_timestamp": 1565764437.1445923, "timestamps": [1565764439.939121], "episode_lengths": [71], "episode_rewards": [-95.16979200455624], "episode_types": ["t"]}