{"initial_reset_timestamp": 1565804170.4076502, "timestamps": [1565804177.3859644], "episode_lengths": [181], "episode_rewards": [-79.82223810977862], "episode_types": ["t"]}