{"initial_reset_timestamp": 1565787974.6800325, "timestamps": [1565787976.2159586], "episode_lengths": [42], "episode_rewards": [-123.28886589414688], "episode_types": ["t"]}