{"initial_reset_timestamp": 1581807164.6179273, "timestamps": [1581807175.8733926], "episode_lengths": [135], "episode_rewards": [-116.585574302479], "episode_types": ["t"]}