{"initial_reset_timestamp": 1565803237.315481, "timestamps": [1565803240.140631], "episode_lengths": [79], "episode_rewards": [-98.14768499014838], "episode_types": ["t"]}