{"initial_reset_timestamp": 1565806213.8526745, "timestamps": [1565806216.2176487], "episode_lengths": [66], "episode_rewards": [-104.52623556733938], "episode_types": ["t"]}