{"initial_reset_timestamp": 1565804906.7887313, "timestamps": [1565804962.0098565], "episode_lengths": [1600], "episode_rewards": [-149.53777991239724], "episode_types": ["t"]}