{"initial_reset_timestamp": 1565721760.6584108, "timestamps": [1565721764.264604], "episode_lengths": [104], "episode_rewards": [-121.82542986631704], "episode_types": ["t"]}