{"initial_reset_timestamp": 1581811009.9363449, "timestamps": [1581811118.362994], "episode_lengths": [1337], "episode_rewards": [225.32745681117555], "episode_types": ["t"]}