{"initial_reset_timestamp": 1565714297.929259, "timestamps": [1565714300.8567412], "episode_lengths": [81], "episode_rewards": [-118.83114918610764], "episode_types": ["t"]}