{"initial_reset_timestamp": 1581816521.7358787, "timestamps": [1581816602.2604742], "episode_lengths": [1010], "episode_rewards": [141.1706609622456], "episode_types": ["t"]}