{"initial_reset_timestamp": 1581809749.2207897, "timestamps": [1581809815.6690595], "episode_lengths": [832], "episode_rewards": [280.9690744668694], "episode_types": ["t"]}