{"initial_reset_timestamp": 1565766203.6136794, "timestamps": [1565766206.297443], "episode_lengths": [69], "episode_rewards": [-96.41373498469638], "episode_types": ["t"]}