{"initial_reset_timestamp": 1575302667.740502, "timestamps": [1575302671.3959477], "episode_lengths": [74], "episode_rewards": [-97.55052456965862], "episode_types": ["t"]}