{"initial_reset_timestamp": 1581807240.556787, "timestamps": [1581807256.709464], "episode_lengths": [200], "episode_rewards": [-49.455305335215016], "episode_types": ["t"]}