{"initial_reset_timestamp": 1581804227.170482, "timestamps": [1581804287.8186321], "episode_lengths": [768], "episode_rewards": [-38.75875942258275], "episode_types": ["t"]}