{"initial_reset_timestamp": 1565786373.9138672, "timestamps": [1565786376.2758794], "episode_lengths": [69], "episode_rewards": [-101.47756124194588], "episode_types": ["t"]}