{"initial_reset_timestamp": 1565796446.6729572, "timestamps": [1565796449.27858], "episode_lengths": [74], "episode_rewards": [-118.25208059822955], "episode_types": ["t"]}