{"initial_reset_timestamp": 1581821877.0376098, "timestamps": [1581821909.1240685], "episode_lengths": [400], "episode_rewards": [-22.520200133000785], "episode_types": ["t"]}