{"initial_reset_timestamp": 1565783172.6822565, "timestamps": [1565783174.3594942], "episode_lengths": [47], "episode_rewards": [-128.51867784908788], "episode_types": ["t"]}