{"initial_reset_timestamp": 1565741424.6555867, "timestamps": [1565741538.968472], "episode_lengths": [66], "episode_rewards": [-98.83973494803311], "episode_types": ["t"]}