{"initial_reset_timestamp": 1565807031.9465322, "timestamps": [1565807036.150095], "episode_lengths": [119], "episode_rewards": [-119.60443370549316], "episode_types": ["t"]}