{"initial_reset_timestamp": 1565783681.0933022, "timestamps": [1565783682.7109418], "episode_lengths": [43], "episode_rewards": [-120.95787343318015], "episode_types": ["t"]}