{"initial_reset_timestamp": 1565808377.7154388, "timestamps": [1565808432.6796079], "episode_lengths": [1600], "episode_rewards": [-110.29027934754336], "episode_types": ["t"]}