{"initial_reset_timestamp": 1581820193.0809407, "timestamps": [1581820199.054281], "episode_lengths": [69], "episode_rewards": [-101.62971904509142], "episode_types": ["t"]}