{"initial_reset_timestamp": 1565809280.7793808, "timestamps": [1565809313.5258973], "episode_lengths": [907], "episode_rewards": [-222.9840131336232], "episode_types": ["t"]}