{"initial_reset_timestamp": 1565764686.3440645, "timestamps": [1565764688.8176675], "episode_lengths": [65], "episode_rewards": [-95.68262308410121], "episode_types": ["t"]}