{"initial_reset_timestamp": 1581834132.2504199, "timestamps": [1581834155.8221223], "episode_lengths": [345], "episode_rewards": [-86.08756293840955], "episode_types": ["t"]}