{"initial_reset_timestamp": 1581826623.7187114, "timestamps": [1581826694.2234786], "episode_lengths": [879], "episode_rewards": [272.99131880409954], "episode_types": ["t"]}