{"initial_reset_timestamp": 1575313382.4135635, "timestamps": [1575313384.960635], "episode_lengths": [51], "episode_rewards": [-114.71147095603061], "episode_types": ["t"]}