{"initial_reset_timestamp": 1581814091.7351987, "timestamps": [1581814130.0912154], "episode_lengths": [484], "episode_rewards": [31.31074346434079], "episode_types": ["t"]}