{"initial_reset_timestamp": 1581838794.006453, "timestamps": [1581838838.1207862], "episode_lengths": [567], "episode_rewards": [-21.00937954725505], "episode_types": ["t"]}