{"initial_reset_timestamp": 1565714193.9584649, "timestamps": [1565714196.6118078], "episode_lengths": [73], "episode_rewards": [-117.77708440870992], "episode_types": ["t"]}