{"initial_reset_timestamp": 1565749716.6163101, "timestamps": [1565749826.9702492], "episode_lengths": [65], "episode_rewards": [-97.15618412280384], "episode_types": ["t"]}