{"initial_reset_timestamp": 1565805750.7727683, "timestamps": [1565805757.8276742], "episode_lengths": [189], "episode_rewards": [-67.89983863527267], "episode_types": ["t"]}