{"initial_reset_timestamp": 1565738754.9987607, "timestamps": [1565738862.968425], "episode_lengths": [67], "episode_rewards": [-100.57964516099612], "episode_types": ["t"]}