{"initial_reset_timestamp": 1565786368.739225, "timestamps": [1565786371.1189017], "episode_lengths": [69], "episode_rewards": [-101.45135714475624], "episode_types": ["t"]}