{"initial_reset_timestamp": 1565765646.814504, "timestamps": [1565765649.3085327], "episode_lengths": [64], "episode_rewards": [-96.97821254307839], "episode_types": ["t"]}