{"initial_reset_timestamp": 1565714171.74, "timestamps": [1565714174.391805], "episode_lengths": [69], "episode_rewards": [-116.90570933795844], "episode_types": ["t"]}