{"initial_reset_timestamp": 1565737555.179863, "timestamps": [1565737674.9682076], "episode_lengths": [69], "episode_rewards": [-102.49645112670133], "episode_types": ["t"]}