{"initial_reset_timestamp": 1565805428.5048451, "timestamps": [1565805483.6040545], "episode_lengths": [1600], "episode_rewards": [146.58874082771385], "episode_types": ["t"]}