{"initial_reset_timestamp": 1565739047.0308075, "timestamps": [1565739159.9701877], "episode_lengths": [70], "episode_rewards": [-95.37917282963095], "episode_types": ["t"]}