{"initial_reset_timestamp": 1565803589.9370868, "timestamps": [1565803592.6959877], "episode_lengths": [79], "episode_rewards": [-97.71221645758673], "episode_types": ["t"]}