{"initial_reset_timestamp": 1565759828.2338877, "timestamps": [1565759954.968124], "episode_lengths": [74], "episode_rewards": [-97.3335446997222], "episode_types": ["t"]}