{"initial_reset_timestamp": 1565721941.0730944, "timestamps": [1565721943.5085812], "episode_lengths": [65], "episode_rewards": [-115.41389437729988], "episode_types": ["t"]}