{"initial_reset_timestamp": 1565758065.3086567, "timestamps": [1565758161.9696465], "episode_lengths": [59], "episode_rewards": [-97.66339897744987], "episode_types": ["t"]}