{"initial_reset_timestamp": 1575316111.3506496, "timestamps": [1575316113.7438807], "episode_lengths": [48], "episode_rewards": [-109.02941474730149], "episode_types": ["t"]}