{"initial_reset_timestamp": 1587711102.5426574, "timestamps": [1587711113.0241768], "episode_lengths": [220], "episode_rewards": [-44.625337287293064], "episode_types": ["t"]}