{"initial_reset_timestamp": 1565714282.4737086, "timestamps": [1565714284.488312], "episode_lengths": [54], "episode_rewards": [-112.50307288826133], "episode_types": ["t"]}