{"initial_reset_timestamp": 1575298066.5665874, "timestamps": [1575298070.8578799], "episode_lengths": [69], "episode_rewards": [-107.86625325514025], "episode_types": ["t"]}