{"initial_reset_timestamp": 1565792403.5134273, "timestamps": [1565792458.303086], "episode_lengths": [1600], "episode_rewards": [-144.66750336503648], "episode_types": ["t"]}