{"initial_reset_timestamp": 1565793261.923904, "timestamps": [1565793273.2108967], "episode_lengths": [327], "episode_rewards": [-123.27950182198782], "episode_types": ["t"]}