{"initial_reset_timestamp": 1565798642.8940957, "timestamps": [1565798697.9140809], "episode_lengths": [1600], "episode_rewards": [-140.07574868831918], "episode_types": ["t"]}