{"initial_reset_timestamp": 1565786363.445475, "timestamps": [1565786366.0426667], "episode_lengths": [69], "episode_rewards": [-101.44808224672886], "episode_types": ["t"]}