{"initial_reset_timestamp": 1565791778.2228017, "timestamps": [1565791832.936813], "episode_lengths": [1600], "episode_rewards": [-145.75683581370342], "episode_types": ["t"]}