{"initial_reset_timestamp": 1565733810.4584541, "timestamps": [1565733944.9676497], "episode_lengths": [82], "episode_rewards": [-98.49653881312565], "episode_types": ["t"]}