{"initial_reset_timestamp": 1565723588.6131804, "timestamps": [1565723592.2793884], "episode_lengths": [104], "episode_rewards": [-121.82542986631704], "episode_types": ["t"]}