{"initial_reset_timestamp": 1565788049.7313929, "timestamps": [1565788104.11267], "episode_lengths": [1600], "episode_rewards": [-171.0631086283836], "episode_types": ["t"]}