{"initial_reset_timestamp": 1581824782.6116989, "timestamps": [1581824867.6988761], "episode_lengths": [1046], "episode_rewards": [253.82319977939406], "episode_types": ["t"]}