{"initial_reset_timestamp": 1581822106.3220167, "timestamps": [1581822126.8301425], "episode_lengths": [251], "episode_rewards": [-68.20193285430598], "episode_types": ["t"]}