{"initial_reset_timestamp": 1565773318.786972, "timestamps": [1565773554.5032156], "episode_lengths": [131], "episode_rewards": [-116.07489988830874], "episode_types": ["t"]}