{"initial_reset_timestamp": 1565721926.9614346, "timestamps": [1565721928.7899015], "episode_lengths": [50], "episode_rewards": [-111.85214971341689], "episode_types": ["t"]}