{"initial_reset_timestamp": 1565786541.173263, "timestamps": [1565786543.60938], "episode_lengths": [69], "episode_rewards": [-101.59628437041306], "episode_types": ["t"]}