{"initial_reset_timestamp": 1565721794.5141923, "timestamps": [1565721796.702178], "episode_lengths": [59], "episode_rewards": [-113.93591180125252], "episode_types": ["t"]}