{"initial_reset_timestamp": 1565799688.2507203, "timestamps": [1565799743.0337224], "episode_lengths": [1600], "episode_rewards": [-13.567248424081741], "episode_types": ["t"]}