{"initial_reset_timestamp": 1565804775.6476831, "timestamps": [1565804779.0504358], "episode_lengths": [96], "episode_rewards": [-103.2455367459096], "episode_types": ["t"]}