{"initial_reset_timestamp": 1565751664.2614815, "timestamps": [1565751768.9685779], "episode_lengths": [61], "episode_rewards": [-98.75934755717], "episode_types": ["t"]}