{"initial_reset_timestamp": 1565742962.8442307, "timestamps": [1565743064.9674635], "episode_lengths": [62], "episode_rewards": [-97.55608719550865], "episode_types": ["t"]}