{"initial_reset_timestamp": 1565796276.4198494, "timestamps": [1565796278.1119578], "episode_lengths": [47], "episode_rewards": [-123.14603645998424], "episode_types": ["t"]}