{"initial_reset_timestamp": 1565795722.3026683, "timestamps": [1565795724.684726], "episode_lengths": [69], "episode_rewards": [-101.4667640461158], "episode_types": ["t"]}