{"initial_reset_timestamp": 1587638430.653996, "timestamps": [1587638451.6441274], "episode_lengths": [448], "episode_rewards": [138.8146494118733], "episode_types": ["t"]}