{"initial_reset_timestamp": 1565739346.6204076, "timestamps": [1565739457.9674666], "episode_lengths": [62], "episode_rewards": [-102.26835505217421], "episode_types": ["t"]}