{"initial_reset_timestamp": 1565787173.4453397, "timestamps": [1565787227.7631304], "episode_lengths": [1600], "episode_rewards": [-181.11087138667932], "episode_types": ["t"]}