{"initial_reset_timestamp": 1565748805.4742308, "timestamps": [1565748888.9701483], "episode_lengths": [53], "episode_rewards": [-101.51448579065311], "episode_types": ["t"]}