{"initial_reset_timestamp": 1565714289.4551275, "timestamps": [1565714293.1194506], "episode_lengths": [103], "episode_rewards": [-113.8189465542417], "episode_types": ["t"]}