{"initial_reset_timestamp": 1575305017.1206884, "timestamps": [1575305025.0419235], "episode_lengths": [153], "episode_rewards": [-112.23481091212481], "episode_types": ["t"]}