{"initial_reset_timestamp": 1581803827.999963, "timestamps": [1581803838.632801], "episode_lengths": [132], "episode_rewards": [-109.33203673387504], "episode_types": ["t"]}