{"initial_reset_timestamp": 1565803324.8380036, "timestamps": [1565803329.1161764], "episode_lengths": [122], "episode_rewards": [-81.10681404039512], "episode_types": ["t"]}