{"initial_reset_timestamp": 1587703645.2897499, "timestamps": [1587703659.305754], "episode_lengths": [288], "episode_rewards": [-23.620530058675357], "episode_types": ["t"]}