{"initial_reset_timestamp": 1587634312.8773525, "timestamps": [1587634315.8727946], "episode_lengths": [46], "episode_rewards": [-105.01971095048265], "episode_types": ["t"]}