{"initial_reset_timestamp": 1565721800.7446103, "timestamps": [1565721802.7645614], "episode_lengths": [54], "episode_rewards": [-112.50307288826133], "episode_types": ["t"]}