{"initial_reset_timestamp": 1565735617.0373373, "timestamps": [1565735713.9670417], "episode_lengths": [63], "episode_rewards": [-95.68055619653626], "episode_types": ["t"]}