{"initial_reset_timestamp": 1565765932.684781, "timestamps": [1565765935.2578366], "episode_lengths": [64], "episode_rewards": [-96.26636213376109], "episode_types": ["t"]}