{"initial_reset_timestamp": 1581808916.6243658, "timestamps": [1581808944.1730816], "episode_lengths": [305], "episode_rewards": [-25.035042250363745], "episode_types": ["t"]}