{"initial_reset_timestamp": 1565798834.4701953, "timestamps": [1565799017.1281168], "episode_lengths": [1600], "episode_rewards": [-124.10494158561761], "episode_types": ["t"]}