{"initial_reset_timestamp": 1581822319.077249, "timestamps": [1581822330.7284546], "episode_lengths": [141], "episode_rewards": [-101.50833946289495], "episode_types": ["t"]}