{"initial_reset_timestamp": 1581803405.39841, "timestamps": [1581803531.5447333], "episode_lengths": [1600], "episode_rewards": [-56.94609495031823], "episode_types": ["t"]}