{"initial_reset_timestamp": 1565795727.1235442, "timestamps": [1565795729.5637922], "episode_lengths": [69], "episode_rewards": [-101.49311525289342], "episode_types": ["t"]}