{"initial_reset_timestamp": 1581827163.4591327, "timestamps": [1581827178.8504682], "episode_lengths": [183], "episode_rewards": [-63.07632093515123], "episode_types": ["t"]}