{"initial_reset_timestamp": 1565752960.3256223, "timestamps": [1565753112.970616], "episode_lengths": [89], "episode_rewards": [-98.55948750363679], "episode_types": ["t"]}