{"initial_reset_timestamp": 1581829046.1353464, "timestamps": [1581829074.1636841], "episode_lengths": [344], "episode_rewards": [-7.066161944184472], "episode_types": ["t"]}