{"initial_reset_timestamp": 1565742346.755239, "timestamps": [1565742460.9649951], "episode_lengths": [65], "episode_rewards": [-100.16982267017409], "episode_types": ["t"]}