{"initial_reset_timestamp": 1565742059.4724143, "timestamps": [1565742151.9682848], "episode_lengths": [62], "episode_rewards": [-98.06235076381088], "episode_types": ["t"]}