{"initial_reset_timestamp": 1565788194.917433, "timestamps": [1565788197.1450033], "episode_lengths": [62], "episode_rewards": [-113.2458473789512], "episode_types": ["t"]}