{"initial_reset_timestamp": 1575311161.060827, "timestamps": [1575311165.3956761], "episode_lengths": [92], "episode_rewards": [-119.10232086983261], "episode_types": ["t"]}