{"initial_reset_timestamp": 1565795838.7123184, "timestamps": [1565795842.4228196], "episode_lengths": [105], "episode_rewards": [-115.12077013515496], "episode_types": ["t"]}