{"initial_reset_timestamp": 1565752300.1770394, "timestamps": [1565752421.9684575], "episode_lengths": [71], "episode_rewards": [-96.112828171046], "episode_types": ["t"]}