{"initial_reset_timestamp": 1565714305.7755027, "timestamps": [1565714308.5981112], "episode_lengths": [79], "episode_rewards": [-120.82157963286961], "episode_types": ["t"]}