{"initial_reset_timestamp": 1565786898.6179364, "timestamps": [1565786901.6361897], "episode_lengths": [85], "episode_rewards": [-128.9248109623032], "episode_types": ["t"]}