{"initial_reset_timestamp": 1581829342.1398976, "timestamps": [1581829348.5117667], "episode_lengths": [68], "episode_rewards": [-101.17133616588514], "episode_types": ["t"]}