{"initial_reset_timestamp": 1565786176.6763897, "timestamps": [1565786183.6838055], "episode_lengths": [200], "episode_rewards": [-1203.3197533645894], "episode_types": ["t"]}