{"initial_reset_timestamp": 1565723617.6519604, "timestamps": [1565723619.779254], "episode_lengths": [57], "episode_rewards": [-98.14569914169793], "episode_types": ["t"]}