{"initial_reset_timestamp": 1575307247.4710011, "timestamps": [1575307251.077181], "episode_lengths": [74], "episode_rewards": [-117.44864773979566], "episode_types": ["t"]}