{"initial_reset_timestamp": 1565741120.0313473, "timestamps": [1565741219.969894], "episode_lengths": [62], "episode_rewards": [-97.99848762906684], "episode_types": ["t"]}