{"initial_reset_timestamp": 1565714239.1536448, "timestamps": [1565714242.9133], "episode_lengths": [104], "episode_rewards": [-121.82542986631704], "episode_types": ["t"]}