{"initial_reset_timestamp": 1565723596.2912982, "timestamps": [1565723600.086301], "episode_lengths": [105], "episode_rewards": [-122.0453975941992], "episode_types": ["t"]}