{"initial_reset_timestamp": 1587705587.5989246, "timestamps": [1587705598.4312873], "episode_lengths": [224], "episode_rewards": [-55.73621761518338], "episode_types": ["t"]}