{"initial_reset_timestamp": 1565746789.0695844, "timestamps": [1565746894.9694502], "episode_lengths": [63], "episode_rewards": [-96.19291638055336], "episode_types": ["t"]}