{"initial_reset_timestamp": 1565808519.222901, "timestamps": [1565808574.3633635], "episode_lengths": [1600], "episode_rewards": [171.63146503372369], "episode_types": ["t"]}