{"initial_reset_timestamp": 1575305598.9986746, "timestamps": [1575305602.24344], "episode_lengths": [66], "episode_rewards": [-119.58325709555733], "episode_types": ["t"]}