{"initial_reset_timestamp": 1581800420.5983613, "timestamps": [1581800428.8143344], "episode_lengths": [69], "episode_rewards": [-101.46525092795305], "episode_types": ["t"]}