{"initial_reset_timestamp": 1565802260.5270123, "timestamps": [1565802271.5944836], "episode_lengths": [315], "episode_rewards": [-91.43891441939275], "episode_types": ["t"]}