{"initial_reset_timestamp": 1581836421.2809107, "timestamps": [1581836432.9427912], "episode_lengths": [170], "episode_rewards": [-79.82379050296483], "episode_types": ["t"]}