{"initial_reset_timestamp": 1565759113.5437248, "timestamps": [1565759251.969463], "episode_lengths": [81], "episode_rewards": [-102.2529203484403], "episode_types": ["t"]}