{"initial_reset_timestamp": 1565796115.0563474, "timestamps": [1565796169.4792728], "episode_lengths": [1600], "episode_rewards": [-178.70199950584575], "episode_types": ["t"]}