{"initial_reset_timestamp": 1565788430.5493495, "timestamps": [1565788433.5605927], "episode_lengths": [84], "episode_rewards": [-106.1907383703366], "episode_types": ["t"]}