{"initial_reset_timestamp": 1565810340.8119478, "timestamps": [1565810396.1642642], "episode_lengths": [1600], "episode_rewards": [-193.9448849339228], "episode_types": ["t"]}