{"initial_reset_timestamp": 1565797283.5732827, "timestamps": [1565797338.3649886], "episode_lengths": [1600], "episode_rewards": [-105.28854449613495], "episode_types": ["t"]}