{"initial_reset_timestamp": 1565791988.1789114, "timestamps": [1565792043.3037975], "episode_lengths": [1600], "episode_rewards": [-101.24450659400271], "episode_types": ["t"]}