{"initial_reset_timestamp": 1575303226.069133, "timestamps": [1575303244.6574078], "episode_lengths": [389], "episode_rewards": [-129.80979191628575], "episode_types": ["t"]}