{"initial_reset_timestamp": 1581823795.3458803, "timestamps": [1581823803.4949133], "episode_lengths": [96], "episode_rewards": [-93.60190359285225], "episode_types": ["t"]}