{"initial_reset_timestamp": 1565778156.142992, "timestamps": [1565778325.502892], "episode_lengths": [94], "episode_rewards": [-113.44662985620151], "episode_types": ["t"]}