{"initial_reset_timestamp": 1565721864.2997465, "timestamps": [1565721866.1213746], "episode_lengths": [49], "episode_rewards": [-111.04096579983707], "episode_types": ["t"]}