{"initial_reset_timestamp": 1565769794.575193, "timestamps": [1565769798.0723271], "episode_lengths": [98], "episode_rewards": [-105.3760784355863], "episode_types": ["t"]}