{"initial_reset_timestamp": 1565804547.4238582, "timestamps": [1565804556.00771], "episode_lengths": [210], "episode_rewards": [-103.5205333223343], "episode_types": ["t"]}