{"initial_reset_timestamp": 1565775653.65655, "timestamps": [1565775658.1165574], "episode_lengths": [127], "episode_rewards": [-115.63737809397716], "episode_types": ["t"]}