{"initial_reset_timestamp": 1565783783.9784563, "timestamps": [1565783785.5639322], "episode_lengths": [42], "episode_rewards": [-122.25388475129444], "episode_types": ["t"]}