{"initial_reset_timestamp": 1565722658.8524752, "timestamps": [1565722713.9925017], "episode_lengths": [1600], "episode_rewards": [-57.51850807491604], "episode_types": ["t"]}