{"initial_reset_timestamp": 1565770712.30707, "timestamps": [1565770716.9715862], "episode_lengths": [133], "episode_rewards": [-116.30923791316587], "episode_types": ["t"]}