{"initial_reset_timestamp": 1575317763.919676, "timestamps": [1575317774.674391], "episode_lengths": [229], "episode_rewards": [-130.36330041598342], "episode_types": ["t"]}