{"initial_reset_timestamp": 1565782956.3157332, "timestamps": [1565782960.7474666], "episode_lengths": [126], "episode_rewards": [-112.40728819127631], "episode_types": ["t"]}