{"initial_reset_timestamp": 1565791377.6000903, "timestamps": [1565791432.5109828], "episode_lengths": [1600], "episode_rewards": [-100.10098840889428], "episode_types": ["t"]}