{"initial_reset_timestamp": 1575306144.0495987, "timestamps": [1575306147.8606727], "episode_lengths": [79], "episode_rewards": [-99.28045741311693], "episode_types": ["t"]}