{"initial_reset_timestamp": 1565725071.2590103, "timestamps": [1565728244.9684954], "episode_lengths": [1600], "episode_rewards": [-56.20376844544257], "episode_types": ["t"]}