{"initial_reset_timestamp": 1565771159.0359275, "timestamps": [1565771400.502101], "episode_lengths": [133], "episode_rewards": [-116.30486625457742], "episode_types": ["t"]}