{"initial_reset_timestamp": 1565788928.5231805, "timestamps": [1565789224.8516383], "episode_lengths": [157], "episode_rewards": [-109.52381334555027], "episode_types": ["t"]}