{"initial_reset_timestamp": 1565735298.5358777, "timestamps": [1565735443.9691308], "episode_lengths": [83], "episode_rewards": [-97.43088039008411], "episode_types": ["t"]}