{"initial_reset_timestamp": 1565746161.6140034, "timestamps": [1565746267.9691434], "episode_lengths": [64], "episode_rewards": [-99.41252628845876], "episode_types": ["t"]}