{"initial_reset_timestamp": 1565803766.2221072, "timestamps": [1565803819.092264], "episode_lengths": [1544], "episode_rewards": [207.94041196996415], "episode_types": ["t"]}