{"initial_reset_timestamp": 1581824221.7821126, "timestamps": [1581824267.9637208], "episode_lengths": [567], "episode_rewards": [-31.880076750172293], "episode_types": ["t"]}