{"initial_reset_timestamp": 1565721871.2176967, "timestamps": [1565721874.2275069], "episode_lengths": [83], "episode_rewards": [-120.55457163320668], "episode_types": ["t"]}