{"initial_reset_timestamp": 1565721807.1993828, "timestamps": [1565721810.7888184], "episode_lengths": [103], "episode_rewards": [-113.8189465542417], "episode_types": ["t"]}