{"initial_reset_timestamp": 1565789990.9710686, "timestamps": [1565789993.7203114], "episode_lengths": [76], "episode_rewards": [-105.85759777128635], "episode_types": ["t"]}