{"initial_reset_timestamp": 1565759482.3910239, "timestamps": [1565759592.9681385], "episode_lengths": [66], "episode_rewards": [-103.5868970949566], "episode_types": ["t"]}