{"initial_reset_timestamp": 1587708694.9003532, "timestamps": [1587708711.0932312], "episode_lengths": [336], "episode_rewards": [-12.13418808693335], "episode_types": ["t"]}