{"initial_reset_timestamp": 1565808922.0972123, "timestamps": [1565808981.9226267], "episode_lengths": [1600], "episode_rewards": [-146.52713455160008], "episode_types": ["t"]}