{"initial_reset_timestamp": 1565805889.731338, "timestamps": [1565805892.287062], "episode_lengths": [69], "episode_rewards": [-101.54347296973319], "episode_types": ["t"]}