{"initial_reset_timestamp": 1587709879.0577464, "timestamps": [1587709883.0354242], "episode_lengths": [84], "episode_rewards": [-90.57511797661334], "episode_types": ["t"]}