{"initial_reset_timestamp": 1565756024.8752458, "timestamps": [1565756132.9706028], "episode_lengths": [67], "episode_rewards": [-96.54898778812898], "episode_types": ["t"]}