{"initial_reset_timestamp": 1575302078.1298962, "timestamps": [1575302082.8809826], "episode_lengths": [75], "episode_rewards": [-97.97122085511172], "episode_types": ["t"]}