{"initial_reset_timestamp": 1565800555.7781043, "timestamps": [1565800562.9896257], "episode_lengths": [209], "episode_rewards": [-98.56945216363235], "episode_types": ["t"]}