{"initial_reset_timestamp": 1565787592.5959957, "timestamps": [1565787595.2148745], "episode_lengths": [69], "episode_rewards": [-101.46271820134731], "episode_types": ["t"]}