{"initial_reset_timestamp": 1565721843.2702007, "timestamps": [1565721845.0305927], "episode_lengths": [48], "episode_rewards": [-111.2381303367118], "episode_types": ["t"]}