{"initial_reset_timestamp": 1565740529.5430775, "timestamps": [1565740641.9675794], "episode_lengths": [65], "episode_rewards": [-96.89195535540364], "episode_types": ["t"]}