{"initial_reset_timestamp": 1565775225.123883, "timestamps": [1565775391.5072808], "episode_lengths": [93], "episode_rewards": [-113.32965043085876], "episode_types": ["t"]}