{"initial_reset_timestamp": 1565809650.8338773, "timestamps": [1565809659.4890332], "episode_lengths": [221], "episode_rewards": [-143.25631624522683], "episode_types": ["t"]}