{"initial_reset_timestamp": 1565714185.3136694, "timestamps": [1565714189.1365798], "episode_lengths": [105], "episode_rewards": [-122.0453975941992], "episode_types": ["t"]}