{"initial_reset_timestamp": 1565742658.6085434, "timestamps": [1565742767.9672246], "episode_lengths": [63], "episode_rewards": [-101.47496664999073], "episode_types": ["t"]}