{"initial_reset_timestamp": 1565740245.3247283, "timestamps": [1565740338.9683506], "episode_lengths": [59], "episode_rewards": [-101.58580172327487], "episode_types": ["t"]}