{"initial_reset_timestamp": 1565801991.4599245, "timestamps": [1565802046.9818914], "episode_lengths": [1600], "episode_rewards": [168.97020557570394], "episode_types": ["t"]}