{"initial_reset_timestamp": 1581803103.0566835, "timestamps": [1581803228.2751012], "episode_lengths": [1600], "episode_rewards": [-152.3679228211068], "episode_types": ["t"]}