{"initial_reset_timestamp": 1575315030.058363, "timestamps": [1575315033.771882], "episode_lengths": [77], "episode_rewards": [-117.97412976012006], "episode_types": ["t"]}