{"initial_reset_timestamp": 1565714501.3192089, "timestamps": [1565714505.9845538], "episode_lengths": [131], "episode_rewards": [-115.90600184799297], "episode_types": ["t"]}