{"initial_reset_timestamp": 1587711360.045535, "timestamps": [1587711365.0347986], "episode_lengths": [106], "episode_rewards": [-84.17791490725557], "episode_types": ["t"]}