{"initial_reset_timestamp": 1565749414.205256, "timestamps": [1565749508.9696696], "episode_lengths": [61], "episode_rewards": [-96.66351645623452], "episode_types": ["t"]}