{"initial_reset_timestamp": 1565721836.617564, "timestamps": [1565721839.0151005], "episode_lengths": [66], "episode_rewards": [-117.66315999303758], "episode_types": ["t"]}