{"initial_reset_timestamp": 1565789709.866191, "timestamps": [1565789747.2618334], "episode_lengths": [72], "episode_rewards": [-103.6343713808457], "episode_types": ["t"]}