{"initial_reset_timestamp": 1565802369.6907713, "timestamps": [1565802388.2282329], "episode_lengths": [537], "episode_rewards": [-31.674171908610205], "episode_types": ["t"]}