{"initial_reset_timestamp": 1581838382.4486027, "timestamps": [1581838389.7229202], "episode_lengths": [129], "episode_rewards": [-75.97543230679693], "episode_types": ["t"]}