{"initial_reset_timestamp": 1581806841.7667162, "timestamps": [1581806891.4937725], "episode_lengths": [618], "episode_rewards": [8.90555471173613], "episode_types": ["t"]}