{"initial_reset_timestamp": 1581815294.3433008, "timestamps": [1581815316.0809565], "episode_lengths": [269], "episode_rewards": [-41.13180545067667], "episode_types": ["t"]}