{"initial_reset_timestamp": 1581809456.476112, "timestamps": [1581809591.2505705], "episode_lengths": [1600], "episode_rewards": [-121.74783398432723], "episode_types": ["t"]}