{"initial_reset_timestamp": 1565736684.4921715, "timestamps": [1565736780.9653873], "episode_lengths": [64], "episode_rewards": [-97.44373849098423], "episode_types": ["t"]}