{"initial_reset_timestamp": 1565751987.9391155, "timestamps": [1565752084.968319], "episode_lengths": [60], "episode_rewards": [-96.13466212432273], "episode_types": ["t"]}