{"initial_reset_timestamp": 1565721973.3050454, "timestamps": [1565721976.4185028], "episode_lengths": [86], "episode_rewards": [-120.58521321876471], "episode_types": ["t"]}