{"initial_reset_timestamp": 1581825132.811316, "timestamps": [1581825139.4102676], "episode_lengths": [68], "episode_rewards": [-101.25557686507702], "episode_types": ["t"]}