{"initial_reset_timestamp": 1565788739.487118, "timestamps": [1565788794.4185894], "episode_lengths": [1600], "episode_rewards": [-139.8273514373969], "episode_types": ["t"]}