{"initial_reset_timestamp": 1565793749.3705277, "timestamps": [1565793753.7324035], "episode_lengths": [124], "episode_rewards": [-105.43970492379492], "episode_types": ["t"]}