{"initial_reset_timestamp": 1587710585.1521602, "timestamps": [1587710590.504964], "episode_lengths": [111], "episode_rewards": [-84.21962187816018], "episode_types": ["t"]}