{"initial_reset_timestamp": 1565790940.4861364, "timestamps": [1565790995.1230826], "episode_lengths": [1600], "episode_rewards": [-102.75153987769713], "episode_types": ["t"]}