{"initial_reset_timestamp": 1587709381.704782, "timestamps": [1587709388.1222544], "episode_lengths": [134], "episode_rewards": [-74.7721664163423], "episode_types": ["t"]}