{"initial_reset_timestamp": 1581831158.8124504, "timestamps": [1581831286.839832], "episode_lengths": [1600], "episode_rewards": [39.68954326237249], "episode_types": ["t"]}