{"initial_reset_timestamp": 1565747423.3449562, "timestamps": [1565747527.966877], "episode_lengths": [64], "episode_rewards": [-96.57822078724004], "episode_types": ["t"]}