{"initial_reset_timestamp": 1565757381.616093, "timestamps": [1565757487.9682927], "episode_lengths": [65], "episode_rewards": [-100.5251357428031], "episode_types": ["t"]}