{"initial_reset_timestamp": 1565787597.2691414, "timestamps": [1565787599.6539097], "episode_lengths": [69], "episode_rewards": [-101.4667640461158], "episode_types": ["t"]}