{"initial_reset_timestamp": 1565714262.8902729, "timestamps": [1565714265.0715275], "episode_lengths": [58], "episode_rewards": [-113.77427599293677], "episode_types": ["t"]}