{"initial_reset_timestamp": 1565803507.0919652, "timestamps": [1565803510.6137326], "episode_lengths": [101], "episode_rewards": [-85.58053283401827], "episode_types": ["t"]}