{"initial_reset_timestamp": 1565735890.099124, "timestamps": [1565736020.964775], "episode_lengths": [81], "episode_rewards": [-97.40530324480508], "episode_types": ["t"]}