{"initial_reset_timestamp": 1565721920.2002485, "timestamps": [1565721922.519183], "episode_lengths": [64], "episode_rewards": [-116.13758407736384], "episode_types": ["t"]}