{"initial_reset_timestamp": 1565790721.8238544, "timestamps": [1565790776.6421897], "episode_lengths": [1600], "episode_rewards": [-127.81376013453587], "episode_types": ["t"]}