{"initial_reset_timestamp": 1565748487.7083645, "timestamps": [1565748585.9665778], "episode_lengths": [59], "episode_rewards": [-98.79844578249256], "episode_types": ["t"]}