{"initial_reset_timestamp": 1565809097.5780435, "timestamps": [1565809162.7549176], "episode_lengths": [1600], "episode_rewards": [-132.12686757594628], "episode_types": ["t"]}