{"initial_reset_timestamp": 1565737860.6159906, "timestamps": [1565737966.9677808], "episode_lengths": [67], "episode_rewards": [-95.23836165379609], "episode_types": ["t"]}