{"initial_reset_timestamp": 1565798016.7202728, "timestamps": [1565798071.2212324], "episode_lengths": [1600], "episode_rewards": [-146.97848047492755], "episode_types": ["t"]}