{"initial_reset_timestamp": 1565787787.5850408, "timestamps": [1565787842.0230694], "episode_lengths": [1600], "episode_rewards": [-176.7739450267622], "episode_types": ["t"]}