{"initial_reset_timestamp": 1587635272.463245, "timestamps": [1587635293.6794837], "episode_lengths": [453], "episode_rewards": [139.42774101732616], "episode_types": ["t"]}