{"initial_reset_timestamp": 1581816218.7598333, "timestamps": [1581816222.865752], "episode_lengths": [47], "episode_rewards": [-123.1440543682538], "episode_types": ["t"]}