{"initial_reset_timestamp": 1565751329.3325224, "timestamps": [1565751442.9683278], "episode_lengths": [70], "episode_rewards": [-95.6526867670702], "episode_types": ["t"]}