{"initial_reset_timestamp": 1565757054.5286264, "timestamps": [1565757150.9672806], "episode_lengths": [60], "episode_rewards": [-97.20201765335179], "episode_types": ["t"]}