{"initial_reset_timestamp": 1581824517.5119524, "timestamps": [1581824588.3154778], "episode_lengths": [860], "episode_rewards": [277.4702737574028], "episode_types": ["t"]}