{"initial_reset_timestamp": 1565786737.935267, "timestamps": [1565786741.6386733], "episode_lengths": [104], "episode_rewards": [-130.06523468694402], "episode_types": ["t"]}