{"initial_reset_timestamp": 1565734982.300295, "timestamps": [1565735125.9694238], "episode_lengths": [85], "episode_rewards": [-100.89301249520034], "episode_types": ["t"]}