{"initial_reset_timestamp": 1565721964.8222797, "timestamps": [1565721968.8843386], "episode_lengths": [116], "episode_rewards": [-124.45271549561434], "episode_types": ["t"]}