{"initial_reset_timestamp": 1565774131.5604482, "timestamps": [1565774136.1980953], "episode_lengths": [128], "episode_rewards": [-115.74222480823225], "episode_types": ["t"]}