{"initial_reset_timestamp": 1565796988.6459587, "timestamps": [1565796994.726857], "episode_lengths": [171], "episode_rewards": [-114.96959614792156], "episode_types": ["t"]}