{"initial_reset_timestamp": 1565806586.6590753, "timestamps": [1565806591.5966852], "episode_lengths": [143], "episode_rewards": [-129.29652343393553], "episode_types": ["t"]}