{"initial_reset_timestamp": 1587635940.5882604, "timestamps": [1587635957.8367674], "episode_lengths": [380], "episode_rewards": [26.382059760524797], "episode_types": ["t"]}