{"initial_reset_timestamp": 1581822066.7185087, "timestamps": [1581822073.5871956], "episode_lengths": [80], "episode_rewards": [-102.46839654112048], "episode_types": ["t"]}