{"initial_reset_timestamp": 1565786450.5972831, "timestamps": [1565786453.017402], "episode_lengths": [69], "episode_rewards": [-101.47756124194588], "episode_types": ["t"]}