{"initial_reset_timestamp": 1565721856.7854705, "timestamps": [1565721859.6081283], "episode_lengths": [78], "episode_rewards": [-117.9114986919562], "episode_types": ["t"]}