{"initial_reset_timestamp": 1565786217.1853197, "timestamps": [1565786219.825695], "episode_lengths": [69], "episode_rewards": [-101.44808224672886], "episode_types": ["t"]}