{"initial_reset_timestamp": 1565798501.4418492, "timestamps": [1565798510.156484], "episode_lengths": [254], "episode_rewards": [-130.8944044991589], "episode_types": ["t"]}