{"initial_reset_timestamp": 1565714207.2802856, "timestamps": [1565714208.8139262], "episode_lengths": [42], "episode_rewards": [-108.8468028106143], "episode_types": ["t"]}