{"initial_reset_timestamp": 1575300082.8460526, "timestamps": [1575300086.772866], "episode_lengths": [69], "episode_rewards": [-103.43575857253187], "episode_types": ["t"]}