{"initial_reset_timestamp": 1587710130.2287104, "timestamps": [1587710134.6675768], "episode_lengths": [93], "episode_rewards": [-89.08423059198448], "episode_types": ["t"]}