{"initial_reset_timestamp": 1581806719.0849323, "timestamps": [1581806813.7586067], "episode_lengths": [1191], "episode_rewards": [246.0358118125158], "episode_types": ["t"]}