{"initial_reset_timestamp": 1565805949.2965577, "timestamps": [1565805987.431197], "episode_lengths": [1102], "episode_rewards": [250.05900178486277], "episode_types": ["t"]}