{"initial_reset_timestamp": 1565786478.9517589, "timestamps": [1565786481.2142968], "episode_lengths": [64], "episode_rewards": [-103.7780714250089], "episode_types": ["t"]}