{"initial_reset_timestamp": 1581800420.5606337, "timestamps": [1581800428.765279], "episode_lengths": [70], "episode_rewards": [-101.73504243950174], "episode_types": ["t"]}