{"initial_reset_timestamp": 1565805583.088015, "timestamps": [1565805630.129631], "episode_lengths": [1356], "episode_rewards": [224.79501847509852], "episode_types": ["t"]}