{"initial_reset_timestamp": 1575301434.8202052, "timestamps": [1575301437.9325986], "episode_lengths": [55], "episode_rewards": [-111.34636529880638], "episode_types": ["t"]}