{"initial_reset_timestamp": 1565721776.4129763, "timestamps": [1565721779.1121485], "episode_lengths": [73], "episode_rewards": [-117.77708440870992], "episode_types": ["t"]}