{"initial_reset_timestamp": 1581819002.139102, "timestamps": [1581819129.0854366], "episode_lengths": [1600], "episode_rewards": [136.66945620383066], "episode_types": ["t"]}