{"initial_reset_timestamp": 1575311722.4784963, "timestamps": [1575311725.553333], "episode_lengths": [64], "episode_rewards": [-106.20592426073986], "episode_types": ["t"]}