{"initial_reset_timestamp": 1565805837.5645854, "timestamps": [1565805840.1100078], "episode_lengths": [66], "episode_rewards": [-103.59504765092768], "episode_types": ["t"]}