{"initial_reset_timestamp": 1581806302.1091628, "timestamps": [1581806316.9005575], "episode_lengths": [181], "episode_rewards": [-70.39082172623215], "episode_types": ["t"]}