{"initial_reset_timestamp": 1565783474.7779672, "timestamps": [1565783476.385535], "episode_lengths": [41], "episode_rewards": [-120.76428837028456], "episode_types": ["t"]}