{"initial_reset_timestamp": 1581840797.2014856, "timestamps": [1581840916.2908874], "episode_lengths": [1600], "episode_rewards": [-116.56243852455779], "episode_types": ["t"]}