{"initial_reset_timestamp": 1565740830.3057876, "timestamps": [1565740929.968468], "episode_lengths": [59], "episode_rewards": [-97.4471533386525], "episode_types": ["t"]}