{"initial_reset_timestamp": 1565714255.950658, "timestamps": [1565714258.511394], "episode_lengths": [73], "episode_rewards": [-117.77708440870992], "episode_types": ["t"]}