{"initial_reset_timestamp": 1565786593.3551714, "timestamps": [1565786595.8065825], "episode_lengths": [69], "episode_rewards": [-101.84324773486456], "episode_types": ["t"]}