{"initial_reset_timestamp": 1565766699.7620618, "timestamps": [1565766817.5011053], "episode_lengths": [71], "episode_rewards": [-95.93870391277294], "episode_types": ["t"]}