{"initial_reset_timestamp": 1565736965.398335, "timestamps": [1565737063.9672382], "episode_lengths": [59], "episode_rewards": [-98.64966893002227], "episode_types": ["t"]}