{"initial_reset_timestamp": 1565792947.298191, "timestamps": [1565792953.72324], "episode_lengths": [184], "episode_rewards": [-126.87451073374164], "episode_types": ["t"]}