{"initial_reset_timestamp": 1581833314.0544536, "timestamps": [1581833427.3652325], "episode_lengths": [1600], "episode_rewards": [50.516474169496384], "episode_types": ["t"]}