{"initial_reset_timestamp": 1581829297.975056, "timestamps": [1581829309.07671], "episode_lengths": [137], "episode_rewards": [-79.65836554143206], "episode_types": ["t"]}