{"initial_reset_timestamp": 1565784235.1293337, "timestamps": [1565784236.7361846], "episode_lengths": [41], "episode_rewards": [-122.40296147219962], "episode_types": ["t"]}