{"initial_reset_timestamp": 1565789846.523426, "timestamps": [1565789849.117975], "episode_lengths": [70], "episode_rewards": [-104.16981626398118], "episode_types": ["t"]}