{"initial_reset_timestamp": 1565714200.820397, "timestamps": [1565714202.9612322], "episode_lengths": [58], "episode_rewards": [-113.77427599293677], "episode_types": ["t"]}