{"initial_reset_timestamp": 1565751001.0504594, "timestamps": [1565751119.9675488], "episode_lengths": [73], "episode_rewards": [-96.26895267711944], "episode_types": ["t"]}