{"initial_reset_timestamp": 1565793425.1060297, "timestamps": [1565793437.8487065], "episode_lengths": [363], "episode_rewards": [-116.1523822703181], "episode_types": ["t"]}