{"initial_reset_timestamp": 1565800087.9360313, "timestamps": [1565800142.6525347], "episode_lengths": [1600], "episode_rewards": [-159.7973726418231], "episode_types": ["t"]}