{"initial_reset_timestamp": 1581841359.458254, "timestamps": [1581841415.3607612], "episode_lengths": [796], "episode_rewards": [62.098271315340895], "episode_types": ["t"]}