{"initial_reset_timestamp": 1565804289.0757933, "timestamps": [1565804335.1139696], "episode_lengths": [1231], "episode_rewards": [241.35794230793311], "episode_types": ["t"]}