{"initial_reset_timestamp": 1581810203.0080626, "timestamps": [1581810220.7749162], "episode_lengths": [219], "episode_rewards": [-37.83119324044823], "episode_types": ["t"]}