{"initial_reset_timestamp": 1565790507.615014, "timestamps": [1565790562.3887024], "episode_lengths": [1600], "episode_rewards": [-136.0425751180151], "episode_types": ["t"]}