{"initial_reset_timestamp": 1565714220.0122478, "timestamps": [1565714222.1132863], "episode_lengths": [54], "episode_rewards": [-112.50307288826133], "episode_types": ["t"]}