{"initial_reset_timestamp": 1565744897.0652564, "timestamps": [1565744997.9702919], "episode_lengths": [63], "episode_rewards": [-98.28422599613127], "episode_types": ["t"]}