{"initial_reset_timestamp": 1581827388.2020237, "timestamps": [1581827417.6456206], "episode_lengths": [367], "episode_rewards": [-5.153414497680274], "episode_types": ["t"]}