{"initial_reset_timestamp": 1565773841.6159694, "timestamps": [1565773846.2342315], "episode_lengths": [132], "episode_rewards": [-116.18900983087843], "episode_types": ["t"]}