{"initial_reset_timestamp": 1565721830.3589833, "timestamps": [1565721832.148768], "episode_lengths": [49], "episode_rewards": [-109.69240433011763], "episode_types": ["t"]}