{"initial_reset_timestamp": 1565723748.1762958, "timestamps": [1565723751.3968616], "episode_lengths": [92], "episode_rewards": [-112.18707076903434], "episode_types": ["t"]}