{"initial_reset_timestamp": 1565723582.3121576, "timestamps": [1565723584.9625528], "episode_lengths": [69], "episode_rewards": [-116.90570933795844], "episode_types": ["t"]}