{"initial_reset_timestamp": 1565797113.6246367, "timestamps": [1565797168.3367605], "episode_lengths": [1600], "episode_rewards": [-164.19911374422844], "episode_types": ["t"]}