{"initial_reset_timestamp": 1581839470.0585349, "timestamps": [1581839508.7565978], "episode_lengths": [697], "episode_rewards": [21.511081225753244], "episode_types": ["t"]}