{"initial_reset_timestamp": 1565746486.0966535, "timestamps": [1565746580.9644272], "episode_lengths": [61], "episode_rewards": [-99.78313791092144], "episode_types": ["t"]}