{"initial_reset_timestamp": 1565808240.43695, "timestamps": [1565808278.6567664], "episode_lengths": [1107], "episode_rewards": [-72.90908171794065], "episode_types": ["t"]}