{"initial_reset_timestamp": 1565770935.722599, "timestamps": [1565770939.1313078], "episode_lengths": [93], "episode_rewards": [-113.3268656656885], "episode_types": ["t"]}