{"initial_reset_timestamp": 1565750033.8726234, "timestamps": [1565750123.9703662], "episode_lengths": [54], "episode_rewards": [-98.5700875527525], "episode_types": ["t"]}