{"initial_reset_timestamp": 1575318846.9397407, "timestamps": [1575318852.3190422], "episode_lengths": [115], "episode_rewards": [-119.28588539906902], "episode_types": ["t"]}