{"initial_reset_timestamp": 1565788352.6404757, "timestamps": [1565788356.0687537], "episode_lengths": [96], "episode_rewards": [-102.86446523494956], "episode_types": ["t"]}