{"initial_reset_timestamp": 1581825754.531615, "timestamps": [1581825888.8508065], "episode_lengths": [1600], "episode_rewards": [-188.00248151085916], "episode_types": ["t"]}