{"initial_reset_timestamp": 1581824445.7603424, "timestamps": [1581824476.8960147], "episode_lengths": [368], "episode_rewards": [-31.946314239932804], "episode_types": ["t"]}