{"initial_reset_timestamp": 1565806400.5060196, "timestamps": [1565806405.7662938], "episode_lengths": [150], "episode_rewards": [-142.38891548921788], "episode_types": ["t"]}