{"initial_reset_timestamp": 1565776458.1688752, "timestamps": [1565776624.5023267], "episode_lengths": [94], "episode_rewards": [-113.44151525326757], "episode_types": ["t"]}