{"initial_reset_timestamp": 1575315567.460873, "timestamps": [1575315571.6507266], "episode_lengths": [88], "episode_rewards": [-108.28100230273542], "episode_types": ["t"]}