{"initial_reset_timestamp": 1565754032.4156857, "timestamps": [1565754140.9690418], "episode_lengths": [68], "episode_rewards": [-96.00958875768761], "episode_types": ["t"]}