{"initial_reset_timestamp": 1565799870.263673, "timestamps": [1565799962.8567927], "episode_lengths": [1600], "episode_rewards": [50.11060985848924], "episode_types": ["t"]}