{"initial_reset_timestamp": 1565758753.9598112, "timestamps": [1565758880.965356], "episode_lengths": [71], "episode_rewards": [-103.24419787712907], "episode_types": ["t"]}