{"initial_reset_timestamp": 1587637733.4829524, "timestamps": [1587637741.9261236], "episode_lengths": [183], "episode_rewards": [-53.82497615712943], "episode_types": ["t"]}