{"initial_reset_timestamp": 1565803661.4735618, "timestamps": [1565803683.6506705], "episode_lengths": [645], "episode_rewards": [-38.606453890643444], "episode_types": ["t"]}