{"initial_reset_timestamp": 1581818556.0210612, "timestamps": [1581818570.2720575], "episode_lengths": [180], "episode_rewards": [-101.25588482333906], "episode_types": ["t"]}