{"initial_reset_timestamp": 1565750676.977389, "timestamps": [1565750791.967761], "episode_lengths": [69], "episode_rewards": [-96.58193978433538], "episode_types": ["t"]}