{"initial_reset_timestamp": 1581832877.327265, "timestamps": [1581832991.3727221], "episode_lengths": [1600], "episode_rewards": [-124.21766261843538], "episode_types": ["t"]}