{"initial_reset_timestamp": 1565721849.5605927, "timestamps": [1565721852.534863], "episode_lengths": [84], "episode_rewards": [-118.36542754037694], "episode_types": ["t"]}