{"initial_reset_timestamp": 1565753336.2139022, "timestamps": [1565753445.9667957], "episode_lengths": [69], "episode_rewards": [-97.44196268022262], "episode_types": ["t"]}