{"initial_reset_timestamp": 1581811283.0424542, "timestamps": [1581811295.0476515], "episode_lengths": [148], "episode_rewards": [-67.59283255210332], "episode_types": ["t"]}