{"initial_reset_timestamp": 1565747733.5617893, "timestamps": [1565747828.9679685], "episode_lengths": [59], "episode_rewards": [-98.10803170525958], "episode_types": ["t"]}