{"initial_reset_timestamp": 1565786446.010651, "timestamps": [1565786448.564716], "episode_lengths": [69], "episode_rewards": [-101.45135714475624], "episode_types": ["t"]}