{"initial_reset_timestamp": 1581807892.5383472, "timestamps": [1581807908.1708436], "episode_lengths": [184], "episode_rewards": [-52.58301653625511], "episode_types": ["t"]}