{"initial_reset_timestamp": 1565787639.2857935, "timestamps": [1565787693.5290642], "episode_lengths": [1600], "episode_rewards": [-177.4367502031022], "episode_types": ["t"]}