{"initial_reset_timestamp": 1565714117.1437542, "timestamps": [1565714119.8075578], "episode_lengths": [69], "episode_rewards": [-116.90570933795844], "episode_types": ["t"]}