{"initial_reset_timestamp": 1565808654.8073916, "timestamps": [1565808694.8711147], "episode_lengths": [1158], "episode_rewards": [241.82735390693102], "episode_types": ["t"]}