{"initial_reset_timestamp": 1581806031.841373, "timestamps": [1581806110.1728232], "episode_lengths": [985], "episode_rewards": [114.28881000393625], "episode_types": ["t"]}