{"initial_reset_timestamp": 1581812115.4993987, "timestamps": [1581812133.2655196], "episode_lengths": [212], "episode_rewards": [-43.93734134666753], "episode_types": ["t"]}