{"initial_reset_timestamp": 1565721948.0552375, "timestamps": [1565721951.5717747], "episode_lengths": [98], "episode_rewards": [-121.93476288992167], "episode_types": ["t"]}