{"initial_reset_timestamp": 1565743582.8570428, "timestamps": [1565743718.967704], "episode_lengths": [78], "episode_rewards": [-95.23510241862681], "episode_types": ["t"]}