{"initial_reset_timestamp": 1565722289.6724591, "timestamps": [1565722292.4299], "episode_lengths": [69], "episode_rewards": [-116.90570933795844], "episode_types": ["t"]}