{"initial_reset_timestamp": 1565744219.808742, "timestamps": [1565744378.9672744], "episode_lengths": [89], "episode_rewards": [-97.39261149450888], "episode_types": ["t"]}