{"initial_reset_timestamp": 1581838536.756272, "timestamps": [1581838546.098078], "episode_lengths": [163], "episode_rewards": [-60.52979431703935], "episode_types": ["t"]}