{"initial_reset_timestamp": 1565800370.7396085, "timestamps": [1565800425.5662208], "episode_lengths": [1600], "episode_rewards": [128.51980786097425], "episode_types": ["t"]}