{"initial_reset_timestamp": 1565793585.5567164, "timestamps": [1565793595.3290591], "episode_lengths": [276], "episode_rewards": [-154.49332152051292], "episode_types": ["t"]}