{"initial_reset_timestamp": 1581835000.9683392, "timestamps": [1581835090.536183], "episode_lengths": [1203], "episode_rewards": [100.50260473073973], "episode_types": ["t"]}