{"initial_reset_timestamp": 1565786441.4041257, "timestamps": [1565786443.987676], "episode_lengths": [69], "episode_rewards": [-101.44808224672886], "episode_types": ["t"]}