{"initial_reset_timestamp": 1575312841.1483512, "timestamps": [1575312845.1966326], "episode_lengths": [85], "episode_rewards": [-125.79004985098604], "episode_types": ["t"]}