{"initial_reset_timestamp": 1565807874.1998124, "timestamps": [1565807929.3326535], "episode_lengths": [1600], "episode_rewards": [-140.88380582272464], "episode_types": ["t"]}