{"initial_reset_timestamp": 1581828464.8595603, "timestamps": [1581828488.8984842], "episode_lengths": [291], "episode_rewards": [-52.48087450339897], "episode_types": ["t"]}