{"initial_reset_timestamp": 1581812347.829545, "timestamps": [1581812360.7415185], "episode_lengths": [161], "episode_rewards": [-113.35863512908357], "episode_types": ["t"]}