{"initial_reset_timestamp": 1581802994.3336847, "timestamps": [1581803002.3371024], "episode_lengths": [97], "episode_rewards": [-126.44989018603476], "episode_types": ["t"]}