{"initial_reset_timestamp": 1565802589.3144069, "timestamps": [1565802593.6902776], "episode_lengths": [121], "episode_rewards": [-98.4786257063703], "episode_types": ["t"]}