{"initial_reset_timestamp": 1565721903.234945, "timestamps": [1565721905.2551239], "episode_lengths": [55], "episode_rewards": [-113.12020255574771], "episode_types": ["t"]}