{"initial_reset_timestamp": 1581836402.6626892, "timestamps": [1581836418.9696457], "episode_lengths": [243], "episode_rewards": [-59.642034713637706], "episode_types": ["t"]}