{"initial_reset_timestamp": 1581829407.4418726, "timestamps": [1581829533.2629106], "episode_lengths": [1600], "episode_rewards": [-137.9959769029028], "episode_types": ["t"]}