{"initial_reset_timestamp": 1575314482.7406244, "timestamps": [1575314485.4247236], "episode_lengths": [55], "episode_rewards": [-108.59908804529657], "episode_types": ["t"]}