{"initial_reset_timestamp": 1587712878.2381783, "timestamps": [1587712908.3322365], "episode_lengths": [641], "episode_rewards": [126.19272527896071], "episode_types": ["t"]}