{"initial_reset_timestamp": 1565765402.3592584, "timestamps": [1565765404.667923], "episode_lengths": [64], "episode_rewards": [-96.49279379459517], "episode_types": ["t"]}