{"initial_reset_timestamp": 1581841613.2009108, "timestamps": [1581841635.9819849], "episode_lengths": [409], "episode_rewards": [-31.094611094995628], "episode_types": ["t"]}