{"initial_reset_timestamp": 1565792181.2595599, "timestamps": [1565792236.5832005], "episode_lengths": [1600], "episode_rewards": [-165.63228566719178], "episode_types": ["t"]}