{"initial_reset_timestamp": 1581825000.4850166, "timestamps": [1581825007.3489783], "episode_lengths": [80], "episode_rewards": [-112.03599429135646], "episode_types": ["t"]}