{"initial_reset_timestamp": 1565721933.5752378, "timestamps": [1565721936.5026076], "episode_lengths": [80], "episode_rewards": [-119.60652405618566], "episode_types": ["t"]}