{"initial_reset_timestamp": 1565809826.7257936, "timestamps": [1565809883.5042863], "episode_lengths": [1600], "episode_rewards": [-111.81878789218389], "episode_types": ["t"]}