{"initial_reset_timestamp": 1581822738.1986284, "timestamps": [1581822797.3349967], "episode_lengths": [722], "episode_rewards": [47.780091227012406], "episode_types": ["t"]}