{"initial_reset_timestamp": 1565722296.2196357, "timestamps": [1565722299.8080494], "episode_lengths": [104], "episode_rewards": [-121.82542986631704], "episode_types": ["t"]}