{"initial_reset_timestamp": 1565714247.3269916, "timestamps": [1565714251.1233087], "episode_lengths": [105], "episode_rewards": [-122.0453975941992], "episode_types": ["t"]}