{"initial_reset_timestamp": 1565807694.361558, "timestamps": [1565807749.6456993], "episode_lengths": [1600], "episode_rewards": [-125.96615200952483], "episode_types": ["t"]}