{"initial_reset_timestamp": 1587699137.9330895, "timestamps": [1587699163.583971], "episode_lengths": [536], "episode_rewards": [136.8844611911249], "episode_types": ["t"]}