{"initial_reset_timestamp": 1581809305.01767, "timestamps": [1581809360.7224832], "episode_lengths": [699], "episode_rewards": [86.6546122504324], "episode_types": ["t"]}