{"initial_reset_timestamp": 1565783378.7704966, "timestamps": [1565783380.2853577], "episode_lengths": [42], "episode_rewards": [-115.79333317727658], "episode_types": ["t"]}