{"initial_reset_timestamp": 1565721768.217481, "timestamps": [1565721771.968434], "episode_lengths": [105], "episode_rewards": [-122.0453975941992], "episode_types": ["t"]}