{"initial_reset_timestamp": 1565783997.04165, "timestamps": [1565783998.5030332], "episode_lengths": [38], "episode_rewards": [-115.10576670522181], "episode_types": ["t"]}