{"initial_reset_timestamp": 1565738147.7314425, "timestamps": [1565738244.9674811], "episode_lengths": [58], "episode_rewards": [-96.3755618772755], "episode_types": ["t"]}