{"initial_reset_timestamp": 1565722457.1951199, "timestamps": [1565722460.4355676], "episode_lengths": [92], "episode_rewards": [-112.18707076903434], "episode_types": ["t"]}